store,websites,attribute_set,type,sku,category_ids,has_options,name,meta_title,meta_description,image,small_image,thumbnail,url_key,url_path,custom_design,page_layout,options_container,image_label,small_image_label,thumbnail_label,gift_message_available,weight,price,cost,description,short_description,meta_keyword,custom_layout_update,news_from_date,status,tax_class_id,visibility,enable_googlecheckout,qty,min_qty,use_config_min_qty,is_qty_decimal,backorders,use_config_backorders,min_sale_qty,use_config_min_sale_qty,max_sale_qty,use_config_max_sale_qty,is_in_stock,low_stock_date,notify_stock_qty,use_config_notify_stock_qty,manage_stock,use_config_manage_stock,stock_status_changed_automatically,product_name,store_id,product_type_id,product_status_changed,product_changed_websites,manufacturer
admin,base,Default,simple,01001012,14,0,Clear Plastic Cup - 12 oz,Clear Plastic Cup - 12 oz,Clear Plastic Cup - 12 oz,/01001012.jpg,/01001012.jpg,/01001012.jpg,,,," , No layout updates",Block after Info Column,Clear Plastic Cup - 12 oz,Clear Plastic Cup - 12 oz,Clear Plastic Cup - 12 oz,Use config,2,$90.00 ,,"These Clear Plastic Cups - 12 oz. are best used for shakes, smoothies, fruit juices, iced teas, ice blended coffees, and many other things. Lid sold seperately.  Quantity: 1,000","These Clear Plastic Cups - 12 oz. are best used for shakes, smoothies, fruit juices, iced teas, ice blended coffees, and many other things. Lid sold seperately.      Quantity: 1,000",,,,Enabled,Taxable Goods,"Catalog, Search",Yes,0,0,1,0,0,1,1,1,0,1,0,,,1,0,0,1,,0,simple,,,
admin,base,Default,simple,01001016,14,0,Clear Plastic Cup - 16 oz,Clear Plastic Cup - 16 oz,Clear Plastic Cup - 16 oz,/01001016.jpg,/01001016.jpg,/01001016.jpg,,,," , No layout updates",Block after Info Column,Clear Plastic Cup - 16 oz,Clear Plastic Cup - 16 oz,Clear Plastic Cup - 16 oz,Use config,2,$110.00 ,,"These Clear Plastic Cups - 16 oz. are best used for shakes, smoothies, fruit juices, iced teas, ice blended coffees, and many other things. Lid sold seperately.        Quantity: 1,000","These Clear Plastic Cups - 16 oz. are best used for shakes, smoothies, fruit juices, iced teas, ice blended coffees, and many other things. Lid sold seperately.        Quantity: 1,000",,,,,,,,,,,,,,,,,,,,,,,,,,,,,,
admin,base,Default,simple,01001020,14,0,Clear Plastic Cup - 20 oz,Clear Plastic Cup - 20 oz,Clear Plastic Cup - 20 oz,/01001020.jpg,/01001020.jpg,/01001020.jpg,,,," , No layout updates",Block after Info Column,Clear Plastic Cup - 20 oz,Clear Plastic Cup - 20 oz,Clear Plastic Cup - 20 oz,Use config,2,$140.00 ,,"These Clear Plastic Cups - 20 oz. are best used for shakes, smoothies, fruit juices, iced teas, ice blended coffees, and many other things. Lid sold seperately.  Quantity: 1,000","These Clear Plastic Cups - 20 oz. are best used for shakes, smoothies, fruit juices, iced teas, ice blended coffees, and many other things. Lid sold seperately.          Quantity: 1,000",,,,,,,,,,,,,,,,,,,,,,,,,,,,,,
admin,base,Default,simple,01001024,14,0,Clear Plastic Cup - 24 oz,Clear Plastic Cup - 24 oz,Clear Plastic Cup - 24 oz,/01001024.jpg,/01001024.jpg,/01001024.jpg,,,," , No layout updates",Block after Info Column,Clear Plastic Cup - 24 oz,Clear Plastic Cup - 24 oz,Clear Plastic Cup - 24 oz,Use config,2,$90.00 ,,"These Clear Plastic Cups - 24 oz. are best used for shakes, smoothies, fruit juices, iced teas, ice blended coffees, and many other things. Lid sold seperately.        Quantity: 600 ","These Clear Plastic Cups - 24 oz. are best used for shakes, smoothies, fruit juices, iced teas, ice blended coffees, and many other things. Lid sold seperately.              Quantity: 600 ",,,,,,,,,,,,,,,,,,,,,,,,,,,,,,
admin,base,Default,simple,02001012-LID,15,0,Clear plastic Cup Flat Lid - 12 oz,Clear plastic Cup Flat Lid - 12 oz,Clear plastic Cup Flat Lid - 12 oz,/02001012-LID.jpg,/02001012-LID.jpg,/02001012-LID.jpg,,,," , No layout updates",Block after Info Column,Clear plastic Cup Flat Lid - 12 oz,Clear plastic Cup Flat Lid - 12 oz,Clear plastic Cup Flat Lid - 12 oz,Use config,2,$42.00 ,,"These Clear Plastic Cup Flat Lids - 12 oz. are the perfect companion for the Clear Plastic Cups - 12 oz. Best used for shakes, smoothies, fruit juices, iced teas, ice blended coffees, and many other things.   Quantity: 1,000","These Clear Plastic Cup Flat Lids - 12 oz. are the perfect companion for the Clear Plastic Cups - 12 oz. Best used for shakes, smoothies, fruit juices, iced teas, ice blended coffees, and many other things.    Quantity: 1,000",,,,,,,,,,,,,,,,,,,,,,,,,,,,,,
admin,base,Default,simple,02001016-LID,15,0,Clear Plastic Cup Flat Lid - 16 oz,Clear Plastic Cup Flat Lid - 16 oz,Clear Plastic Cup Flat Lid - 16 oz,/02001016-LID.jpg,/02001016-LID.jpg,/02001016-LID.jpg,,,," , No layout updates",Block after Info Column,Clear Plastic Cup Flat Lid - 16 oz,Clear Plastic Cup Flat Lid - 16 oz,Clear Plastic Cup Flat Lid - 16 oz,Use config,2,$42.00 ,,"These Clear Plastic Cup Flat Lids - 16 oz. are the perfect companion for the Clear Plastic Cups - 16 oz. Best used for shakes, smoothies, fruit juices, iced teas, ice blended coffees, and many other things.               Quantity: 1,000","These Clear Plastic Cup Flat Lids - 16 oz. are the perfect companion for the Clear Plastic Cups - 16 oz. Best used for shakes, smoothies, fruit juices, iced teas, ice blended coffees, and many other things.                   Quantity: 1,000",,,,,,,,,,,,,,,,,,,,,,,,,,,,,,
admin,base,Default,simple,02001020-LID,15,0,Clear Plastic Cup Flat Lid - 20 oz,Clear Plastic Cup Flat Lid - 20 oz,Clear Plastic Cup Flat Lid - 20 oz,/02001020-LID.jpg,/02001020-LID.jpg,/02001020-LID.jpg,,,," , No layout updates",Block after Info Column,Clear Plastic Cup Flat Lid - 20 oz,Clear Plastic Cup Flat Lid - 20 oz,Clear Plastic Cup Flat Lid - 20 oz,Use config,2,$42.00 ,,"These Clear Plastic Cup Flat Lids - 20 oz. are the perfect companion for the Clear Plastic Cups - 20 oz. Best used for shakes, smoothies, fruit juices, iced teas, ice blended coffees, and many other things.            Quantity: 1,000","These Clear Plastic Cup Flat Lids - 20 oz. are the perfect companion for the Clear Plastic Cups - 20 oz. Best used for shakes, smoothies, fruit juices, iced teas, ice blended coffees, and many other things.            Quantity: 1,000",,,,,,,,,,,,,,,,,,,,,,,,,,,,,,
admin,base,Default,simple,02001024-LID,15,0,Clear Plastic Cup Flat Lid - 24 oz ,Clear Plastic Cup Flat Lid - 24 oz ,Clear Plastic Cup Flat Lid - 24 oz ,/02001024-LID.jpg,/02001024-LID.jpg,/02001024-LID.jpg,,,," , No layout updates",Block after Info Column,Clear Plastic Cup Flat Lid - 24 oz ,Clear Plastic Cup Flat Lid - 24 oz ,Clear Plastic Cup Flat Lid - 24 oz ,Use config,2,$42.00 ,,"These Clear Plastic Cup Flat Lids - 24 oz. are the perfect companion for the Clear Plastic Cups - 24 oz. Best used for shakes, smoothies, fruit juices, iced teas, ice blended coffees, and many other things.                  Quantity: 1,000","These Clear Plastic Cup Flat Lids - 24 oz. are the perfect companion for the Clear Plastic Cups - 24 oz. Best used for shakes, smoothies, fruit juices, iced teas, ice blended coffees, and many other things.      Quantity: 1,000",,,,,,,,,,,,,,,,,,,,,,,,,,,,,,
admin,base,Default,simple,02002012-LID,15,0,Clear Plastic Cup Dome Lid - 12 oz,Clear Plastic Cup Dome Lid - 12 oz,Clear Plastic Cup Dome Lid - 12 oz,/02002012-LID.jpg,/02002012-LID.jpg,/02002012-LID.jpg,,,," , No layout updates",Block after Info Column,Clear Plastic Cup Dome Lid - 12 oz,Clear Plastic Cup Dome Lid - 12 oz,Clear Plastic Cup Dome Lid - 12 oz,Use config,2,$53.00 ,,"These Clear Plastic Cup Dome Lids - 12 oz. are the perfect companion for the Clear Plastic Cups - 12 oz. Best used for shakes, smoothies, fruit juices, iced teas, ice blended coffees, and many other things.        Quantity: 1,000","These Clear Plastic Cup Dome Lids - 12 oz. are the perfect companion for the Clear Plastic Cups - 12 oz. Best used for shakes, smoothies, fruit juices, iced teas, ice blended coffees, and many other things.            Quantity: 1,000",,,,,,,,,,,,,,,,,,,,,,,,,,,,,,
admin,base,Default,simple,02002016-LID,15,0,Clear Plastic Cup Dome Lid - 16 oz,Clear Plastic Cup Dome Lid - 16 oz,Clear Plastic Cup Dome Lid - 16 oz,/02002016-LID.jpg,/02002016-LID.jpg,/02002016-LID.jpg,,,," , No layout updates",Block after Info Column,Clear Plastic Cup Dome Lid - 16 oz,Clear Plastic Cup Dome Lid - 16 oz,Clear Plastic Cup Dome Lid - 16 oz,Use config,2,$53.00 ,,"These Clear Plastic Cup Dome Lid - 16 oz. are the perfect companion for the Clear Plastic Cups - 16 oz. Best used for shakes, smoothies, fruit juices, iced teas, ice blended coffees, and many other things.Quantity: 1,000","These Clear Plastic Cup Dome Lid - 16 oz. are the perfect companion for the Clear Plastic Cups - 16 oz. Best used for shakes, smoothies, fruit juices, iced teas, ice blended coffees, and many other things.Quantity: 1,000",,,,,,,,,,,,,,,,,,,,,,,,,,,,,,
admin,base,Default,simple,02002020-LID,15,0,Clear Plastic Cup Dome Lid - 20 oz,Clear Plastic Cup Dome Lid - 20 oz,Clear Plastic Cup Dome Lid - 20 oz,/02002020-LID.jpg,/02002020-LID.jpg,/02002020-LID.jpg,,,," , No layout updates",Block after Info Column,Clear Plastic Cup Dome Lid - 20 oz,Clear Plastic Cup Dome Lid - 20 oz,Clear Plastic Cup Dome Lid - 20 oz,Use config,2,$53.00 ,,"These Clear Plastic Cup Dome Lid - 20 oz. are the perfect companion for the Clear Plastic Cups - 20 oz. Best used for shakes, smoothies, fruit juices, iced teas, ice blended coffees, and many other things.     Quantity: 1,000","These Clear Plastic Cup Dome Lid - 20 oz. are the perfect companion for the Clear Plastic Cups - 20 oz. Best used for shakes, smoothies, fruit juices, iced teas, ice blended coffees, and many other things.           Quantity: 1,000",,,,,,,,,,,,,,,,,,,,,,,,,,,,,,
admin,base,Default,simple,02002024-LID,15,0,Clear Plastic Cup Dome Lid - 24 oz,Clear Plastic Cup Dome Lid - 24 oz,Clear Plastic Cup Dome Lid - 24 oz,/02002024-LID.jpg,/02002024-LID.jpg,/02002024-LID.jpg,,,," , No layout updates",Block after Info Column,Clear Plastic Cup Dome Lid - 24 oz,Clear Plastic Cup Dome Lid - 24 oz,Clear Plastic Cup Dome Lid - 24 oz,Use config,2,$53.00 ,,"These Clear Plastic Cup Dome Lid - 24 oz. are the perfect companion for the Clear Plastic Cups - 24 oz. Best used for shakes, smoothies, fruit juices, iced teas, ice blended coffees, and many other things.             Quantity: 1,000","These Clear Plastic Cup Dome Lid - 24 oz. are the perfect companion for the Clear Plastic Cups - 24 oz. Best used for shakes, smoothies, fruit juices, iced teas, ice blended coffees, and many other things.            Quantity: 1,000",,,,,,,,,,,,,,,,,,,,,,,,,,,,,,
admin,base,Default,simple,03001016,20,0,White Paper To Go Container - Pint 16 oz,White Paper To Go Container - Pint 16 oz,White Paper To Go Container - Pint 16 oz,/03001016.jpg,/03001016.jpg,/03001016.jpg,,,," , No layout updates",Block after Info Column,White Paper To Go Container - Pint 16 oz,White Paper To Go Container - Pint 16 oz,White Paper To Go Container - Pint 16 oz,Use config,2,$95.00 ,,"These White Paper To Go Containers - Pint 16 oz are best used for ice cream, gelato, frozen yogurt and many other things. You can even place a sticker on these cups to personalize it. Comes with container and lid.             Quantity: 250","These White Paper To Go Containers - Pint 16 oz are best used for ice cream, gelato, frozen yogurt and many other things. You can even place a sticker on these cups to personalize it. Comes with container and lid.          Quantity: 250",,,,,,,,,,,,,,,,,,,,,,,,,,,,,,
admin,base,Default,simple,03001032,20,0,White Paper To Go Container - Quart 32 oz,White Paper To Go Container - Quart 32 oz,White Paper To Go Container - Quart 32 oz,/03001032.jpg,/03001032.jpg,/03001032.jpg,,,," , No layout updates",Block after Info Column,White Paper To Go Container - Quart 32 oz,White Paper To Go Container - Quart 32 oz,White Paper To Go Container - Quart 32 oz,Use config,2,$145.00 ,,"These White Paper To Go Containers - Quart 32 oz are best used for ice cream, gelato, frozen yogurt and many other things. You can even place a sticker on these cups to personalize it. Comes with container and lid.          Quantity: 250","These White Paper To Go Containers - Quart 32 oz are best used for ice cream, gelato, frozen yogurt and many other things. You can even place a sticker on these cups to personalize it. Comes with container and lid.          Quantity: 250",,,,,,,,,,,,,,,,,,,,,,,,,,,,,,
admin,base,Default,simple,03002100,20,0,White Foam To Go Container - 1000 cc,White Foam To Go Container - 1000 cc,White Foam To Go Container - 1000 cc,/03002100.jpg,/03002100.jpg,/03002100.jpg,,,," , No layout updates",Block after Info Column,White Foam To Go Container - 1000 cc,White Foam To Go Container - 1000 cc,White Foam To Go Container - 1000 cc,Use config,2,$150.00 ,,"These White Foam To Go Containers - 1000 cc are best used for ice cream, gelato, frozen yogurt and many other things. Made of sturdy foam to help keep ingredients cooler for longer. Your customers will love them. Comes with container and lid.                        Quantity: 100","These White Foam To Go Containers - 1000 cc are best used for ice cream, gelato, frozen yogurt and many other things. Made of sturdy foam to help keep ingredients cooler for longer. Your customers will love them. Comes with container and lid.                        Quantity: 100",,,,,,,,,,,,,,,,,,,,,,,,,,,,,,
admin,base,Default,simple,03002500,20,0,White Foam To Go Container - 500 cc,White Foam To Go Container - 500 cc,White Foam To Go Container - 500 cc,/03002500.jpg,/03002500.jpg,/03002500.jpg,,,," , No layout updates",Block after Info Column,White Foam To Go Container - 500 cc,White Foam To Go Container - 500 cc,White Foam To Go Container - 500 cc,Use config,2,$120.00 ,,"These White Foam To Go Containers - 500 cc are best used for ice cream, gelato, frozen yogurt and many other things. Made of sturdy foam to help keep ingredients cooler for longer. Your customers will love them. Comes with container and lid.             Quantity: 100","These White Foam To Go Containers - 500 cc are best used for ice cream, gelato, frozen yogurt and many other things. Made of sturdy foam to help keep ingredients cooler for longer. Your customers will love them. Comes with container and lid.                                   Quantity: 100",,,,,,,,,,,,,,,,,,,,,,,,,,,,,,
admin,base,Default,simple,05001003-BL,22,0,Transparent Color Handled Spatula - Blue,Transparent Color Handled Spatula - Blue,Transparent Color Handled Spatula - Blue,/05001003-BL.jpg,/05001003-BL.jpg,/05001003-BL.jpg,,,," , No layout updates",Block after Info Column,Transparent Color Handled Spatula - Blue,Transparent Color Handled Spatula - Blue,Transparent Color Handled Spatula - Blue,Use config,2,$16.00 ,,These Transparently Colored Handled Spatulas are best used for extruding and serving gelato but can be used for many other things as well.                                 Quantity: 1,These Transparently Colored Handled Spatulas are best used for extruding and serving gelato but can be used for many other things as well.                     Quantity: 1,,,,,,,,,,,,,,,,,,,,,,,,,,,,,,
admin,base,Default,simple,05001003-CL,22,0,Transparent Color Handled Spatula - Clear,Transparent Color Handled Spatula - Clear,Transparent Color Handled Spatula - Clear,/05001003-CL.jpg,/05001003-CL.jpg,/05001003-CL.jpg,,,," , No layout updates",Block after Info Column,Transparent Color Handled Spatula - Clear,Transparent Color Handled Spatula - Clear,Transparent Color Handled Spatula - Clear,Use config,2,$16.00 ,,These Transparently Colored Handled Spatulas are best used for extruding and serving gelato but can be used for many other things as well.                             Quantity: 1,These Transparently Colored Handled Spatulas are best used for extruding and serving gelato but can be used for many other things as well.                  Quantity: 1,,,,,,,,,,,,,,,,,,,,,,,,,,,,,,
admin,base,Default,simple,05001003-RD,22,0,Transparent Color Handled Spatula - Red,Transparent Color Handled Spatula - Red,Transparent Color Handled Spatula - Red,/05001003-RD.jpg,/05001003-RD.jpg,/05001003-RD.jpg,,,," , No layout updates",Block after Info Column,Transparent Color Handled Spatula - Red,Transparent Color Handled Spatula - Red,Transparent Color Handled Spatula - Red,Use config,2,$16.00 ,,These Transparently Colored Handled Spatulas are best used for extruding and serving gelato but can be used for many other things as well.                 Quantity: 1,These Transparently Colored Handled Spatulas are best used for extruding and serving gelato but can be used for many other things as well.                     Quantity: 1,,,,,,,,,,,,,,,,,,,,,,,,,,,,,,
admin,base,Default,simple,05001003-YL,22,0,Transparent Color Handled Spatula - Yellow,Transparent Color Handled Spatula - Yellow,Transparent Color Handled Spatula - Yellow,/05001003-YL.jpg,/05001003-YL.jpg,/05001003-YL.jpg,,,," , No layout updates",Block after Info Column,Transparent Color Handled Spatula - Yellow,Transparent Color Handled Spatula - Yellow,Transparent Color Handled Spatula - Yellow,Use config,2,$16.00 ,,These Transparently Colored Handled Spatulas are best used for extruding and serving gelato but can be used for many other things as well.       Quantity: 1,These Transparently Colored Handled Spatulas are best used for extruding and serving gelato but can be used for many other things as well.       Quantity: 1,,,,,,,,,,,,,,,,,,,,,,,,,,,,,,
admin,base,Default,simple,06001004,16,0,Transparent Multicolor Spoons,Transparent Multicolor Spoons,Transparent Multicolor Spoons,/06001004.jpg,/06001004.jpg,/06001004.jpg,,,," , No layout updates",Block after Info Column,Transparent Multicolor Spoons,Transparent Multicolor Spoons,Transparent Multicolor Spoons,Use config,2,$84.00 ,,"These Transparent Multicolor Spoons are the most widely used gelato spoon but also perfect for ice cream, banana splits, sundaes, taste testing and many other things. They are 4"" in length.Quantity: 10 Packs of 650 = 6,500 Spoons.","These Transparent Multicolor Spoons are the most widely used gelato spoon but also perfect for ice cream, banana splits, sundaes, taste testing and many other things. They are 4"" in length.Quantity: 10 Packs of 650 = 6,500 Spoons.",,,,,,,,,,,,,,,,,,,,,,,,,,,,,,
admin,base,Default,simple,06001005,16,0,Crystal Spoons,Crystal Spoons,Crystal Spoons,/06001005.jpg,/06001005.jpg,/06001005.jpg,,,," , No layout updates",Block after Info Column,Crystal Spoons,Crystal Spoons,Crystal Spoons,Use config,2,$84.00 ,,"These Crystal Spoons clear plastic and are are perfect for ice cream, gelato, banana splits, sundaes, taste testing and many other things. They are 4"" in length.                              Quantity: 10 Packs of 650 = 6,500 Spoons.","These Crystal Spoons clear plastic and are are perfect for ice cream, gelato, banana splits, sundaes, taste testing and many other things. They are 4"" in length.                 Quantity: 10 Packs of 650 = 6,500 Spoons.",,,,,,,,,,,,,,,,,,,,,,,,,,,,,,
admin,base,Default,simple,06001006-F,17,0,Wood Fork,Wood Fork,Wood Fork,/06001006-F.jpg,/06001006-F.jpg,/06001006-F.jpg,,,," , No layout updates",Block after Info Column,Wood Fork,Wood Fork,Wood Fork,Use config,2,$60.00 ,,"These Wooden Forks are perfect way to ""GO GREEN"".  These are good for frozen yogurt, gelato, ice cream, sundaes, taste testing and many other things. They are 4 - 5 "" in length.                        Quantity: 2,000","These Wooden Forks are perfect way to ""GO GREEN"".  These are good for frozen yogurt, gelato, ice cream, sundaes, taste testing and many other things. They are 4 - 5 "" in length.          Quantity: 2,000",,,,,,,,,,,,,,,,,,,,,,,,,,,,,,
admin,base,Default,simple,06001006-K,17,0,Wood Knives,Wood Knives,Wood Knives,/06001006-K.jpg,/06001006-K.jpg,/06001006-K.jpg,,,," , No layout updates",Block after Info Column,Wood Knives,Wood Knives,Wood Knives,Use config,2,$60.00 ,,"These Wood Knives are the perfect way to ""GO GREEN""!  They are ~ 4 - 5"" in length.      Quantity: 2,000","These Wood Knives are the perfect way to ""GO GREEN""!  They are ~ 4 - 5"" in length.                     Quantity: 2,000",,,,,,,,,,,,,,,,,,,,,,,,,,,,,,
admin,base,Default,simple,06001006-M,16,0,White Medium Weight Spoons,White Medium Weight Spoons,White Medium Weight Spoons,/06001006-M.jpg,/06001006-M.jpg,/06001006-M.jpg,,,," , No layout updates",Block after Info Column,White Medium Weight Spoons,White Medium Weight Spoons,White Medium Weight Spoons,Use config,2,$17.00 ,,"These White Plastic Medium Weight Spoons are are perfect for frozen yogurt, gelato, ice cream, sundaes and many other things. They are 5 3/4"" in length.      Quantity: 1,000","These White Plastic Medium Weight Spoons are are perfect for frozen yogurt, gelato, ice cream, sundaes and many other things. They are 5 3/4"" in length.      Quantity: 1,000",,,,,,,,,,,,,,,,,,,,,,,,,,,,,,
admin,base,Default,simple,06001006-S,17,0,Wood Spoons,Wood Spoons,Wood Spoons,/06001006-S.jpg,/06001006-S.jpg,/06001006-S.jpg,,,," , No layout updates",Block after Info Column,Wood Spoons,Wood Spoons,Wood Spoons,Use config,2,$60.00 ,,"These Wooden Spoons are perfect way to ""GO GREEN"".  These are good for frozen yogurt, gelato, ice cream, sundaes, taste testing and many other things. They are 4 - 5 "" in length.          Quantity: 2,000","These Wooden Spoons are perfect way to ""GO GREEN"".  These are good for frozen yogurt, gelato, ice cream, sundaes, taste testing and many other things. They are 4 - 5 "" in length.                     Quantity: 2,000",,,,,,,,,,,,,,,,,,,,,,,,,,,,,,
admin,base,Default,simple,06001006-SL,17,0,Wood Spoons - Large,Wood Spoons - Large,Wood Spoons - Large,/06001006-SL.jpg,/06001006-SL.jpg,/06001006-SL.jpg,,,," , No layout updates",Block after Info Column,Wood Spoons - Large,Wood Spoons - Large,Wood Spoons - Large,Use config,2,$54.00 ,,"These Wood Spoons are perfect for frozen yogurt, gelato, ice cream, sundaes, taste testing and many other things.They are 5"" in length.                             Quantity: 2,000","These Wood Spoons are perfect for frozen yogurt, gelato, ice cream, sundaes, taste testing and many other things.They are 5"" in length.          Quantity: 2,000",,,,,,,,,,,,,,,,,,,,,,,,,,,,,,
admin,base,Default,simple,06001006-SM,17,0,Wood Spoond - Medium,Wood Spoond - Medium,Wood Spoond - Medium,/06001006-SM.jpg,/06001006-SM.jpg,/06001006-SM.jpg,,,," , No layout updates",Block after Info Column,Wood Spoond - Medium,Wood Spoond - Medium,Wood Spoond - Medium,Use config,2,$59.00 ,,"These Wood Spoons are perfect for frozen yogurt, gelato, ice cream, sundaes, taste testing and many other things. They are 3"" in length.      Quantity: 3,000","These Wood Spoons are perfect for frozen yogurt, gelato, ice cream, sundaes, taste testing and many other things. They are 3"" in length.          Quantity: 3,000",,,,,,,,,,,,,,,,,,,,,,,,,,,,,,
admin,base,Default,simple,06001006-SS,17,0,Wood Spoons - Small,Wood Spoons - Small,Wood Spoons - Small,/06001006-SS.jpg,/06001006-SS.jpg,/06001006-SS.jpg,,,," , No layout updates",Block after Info Column,Wood Spoons - Small,Wood Spoons - Small,Wood Spoons - Small,Use config,2,$63.00 ,,"These Wood Spoons are perfect tast testing frozen yogurt, gelato, ice cream, sundaes, taste testing and many other things. They are 2 3/4"" in length.             Quantity: 5,000","These Wood Spoons are perfect tast testing frozen yogurt, gelato, ice cream, sundaes, taste testing and many other things. They are 2 3/4"" in length.             Quantity: 5,000",,,,,,,,,,,,,,,,,,,,,,,,,,,,,,
admin,base,Default,simple,06001006-T,16,0,White Taster Spoons,White Taster Spoons,White Taster Spoons,/06001006-T.jpg,/06001006-T.jpg,/06001006-T.jpg,,,," , No layout updates",Block after Info Column,White Taster Spoons,White Taster Spoons,White Taster Spoons,Use config,2,$39.00 ,,"These White Taster Spoons are perfect for taste testing ice cream, gelato, frozen yogurt and many other things. They are 3"" in length.                     Quantity: 3,000","These White Taster Spoons are perfect for taste testing ice cream, gelato, frozen yogurt and many other things. They are 3"" in length.                        Quantity: 3,000",,,,,,,,,,,,,,,,,,,,,,,,,,,,,,
admin,base,Default,simple,06001006-WS,17,0,Wood Sample Spoons,Wood Sample Spoons,Wood Sample Spoons,/06001006-WS.jpg,/06001006-WS.jpg,/06001006-WS.jpg,,,," , No layout updates",Block after Info Column,Wood Sample Spoons,Wood Sample Spoons,Wood Sample Spoons,Use config,2,$60.00 ,,"These Wood Sample Spoons are a perfect way to ""GO GREEN"".  Use them for taste testing frozen yogurt, gelato, ice cream, sundaes and many other things. They are 2 3/4"" in length.             Quantity: 3,000","These Wood Sample Spoons are a perfect way to ""GO GREEN"".  Use them for taste testing frozen yogurt, gelato, ice cream, sundaes and many other things. They are 2 3/4"" in length.  Quantity: 3,000",,,,,,,,,,,,,,,,,,,,,,,,,,,,,,
admin,base,Default,simple,06001007,16,0,Transarent Multicolor Taster Spoons,Transarent Multicolor Taster Spoons,Transarent Multicolor Taster Spoons,/06001007.jpg,/06001007.jpg,/06001007.jpg,,,," , No layout updates",Block after Info Column,Transarent Multicolor Taster Spoons,Transarent Multicolor Taster Spoons,Transarent Multicolor Taster Spoons,Use config,2,$39.00 ,,"These Transparent Multicolor Taster Spoons are perfect for taste testing ice cream, gelato, frozen yogurt and many other things. They are 3"" in length.          Quantity: 3,000","These Transparent Multicolor Taster Spoons are perfect for taste testing ice cream, gelato, frozen yogurt and many other things. They are 3"" in length.          Quantity: 3,000",,,,,,,,,,,,,,,,,,,,,,,,,,,,,,
admin,base,Default,simple,07001001,21,0,Clear Acrylic 4 Cone Holder,Clear Acrylic 4 Cone Holder,Clear Acrylic 4 Cone Holder,/07001001.jpg,/07001001.jpg,/07001001.jpg,,,," , No layout updates",Block after Info Column,Clear Acrylic 4 Cone Holder,Clear Acrylic 4 Cone Holder,Clear Acrylic 4 Cone Holder,Use config,2,$38.00 ,,These Clear Acrylic 4 Cone Holders are the perfect way to display your cones. This cone holder can also be used as a helper/holder as you scoop ice cream or gelato.                        Quantity: 1,These Clear Acrylic 4 Cone Holders are the perfect way to display your cones. This cone holder can also be used as a helper/holder as you scoop ice cream or gelato.   Quantity: 1,,,,,,,,,,,,,,,,,,,,,,,,,,,,,,
admin,base,Default,simple,07001004,21,0,Metal Four Cone Holder,Metal Four Cone Holder,Metal Four Cone Holder,/07001004.jpg,/07001004.jpg,/07001004.jpg,,,," , No layout updates",Block after Info Column,Metal Four Cone Holder,Metal Four Cone Holder,Metal Four Cone Holder,Use config,2,$25.00 ,,These Metal 4 Cone Holders are the perfect way to display your cones. This cone holder can also be used as a helper/holder as you scoop ice cream or gelato.             Quantity: 1,These Metal 4 Cone Holders are the perfect way to display your cones. This cone holder can also be used as a helper/holder as you scoop ice cream or gelato.                        Quantity: 1,,,,,,,,,,,,,,,,,,,,,,,,,,,,,,
admin,base,Default,simple,08001010,23,0,Red Giant Plastic Straws,Red Giant Plastic Straws,Red Giant Plastic Straws,/08001010.jpg,/08001010.jpg,/08001010.jpg,,,," , No layout updates",Block after Info Column,Red Giant Plastic Straws,Red Giant Plastic Straws,Red Giant Plastic Straws,Use config,2,$28.00 ,,"These Red Giant Plastic Straws are 10 1/4 inches in length. They are the perfect companion to the Clear Plastic Cups and can be used for shakes, smoothies, fruit juices and many other things.                                 Quantity: 4 boxes of 300","These Red Giant Plastic Straws are 10 1/4 inches in length. They are the perfect companion to the Clear Plastic Cups and can be used for shakes, smoothies, fruit juices and many other things.               Quantity: 4 boxes of 300",,,,,,,,,,,,,,,,,,,,,,,,,,,,,,
admin,base,Default,simple,09001003,8,0,Infinity Paper Cup - 03 oz,Infinity Paper Cup - 03 oz,Infinity Paper Cup - 03 oz,/09001003.jpg,/09001003.jpg,/09001003.jpg,,,," , No layout updates",Block after Info Column,Infinity Paper Cup - 03 oz,Infinity Paper Cup - 03 oz,Infinity Paper Cup - 03 oz,Use config,2,$83.00 ,,"These Infinity Paper Cups - 3 oz. are best used for ice cream, gelato, frozen yogurt and many other things. Lid sold seperately.          Quantity: 1,000","These Infinity Paper Cups - 3 oz. are best used for ice cream, gelato, frozen yogurt and many other things. Lid sold seperately.              Quantity: 1,000",,,,,,,,,,,,,,,,,,,,,,,,,,,,,,
admin,base,Default,simple,09001005,8,0,Infinity Paper Cup - 05 oz,Infinity Paper Cup - 05 oz,Infinity Paper Cup - 05 oz,/09001005.jpg,/09001005.jpg,/09001005.jpg,,,," , No layout updates",Block after Info Column,Infinity Paper Cup - 05 oz,Infinity Paper Cup - 05 oz,Infinity Paper Cup - 05 oz,Use config,2,$118.00 ,,"These Infinity Paper Cups - 5 oz. are best used for ice cream, gelato, frozen yogurt and many other things. Lid sold seperately.           Quantity: 1,000","These Infinity Paper Cups - 5 oz. are best used for ice cream, gelato, frozen yogurt and many other things. Lid sold seperately.            Quantity: 1,000",,,,,,,,,,,,,,,,,,,,,,,,,,,,,,
admin,base,Default,simple,09001008,8,0,Infinty Paper Cup - 08 oz,Infinty Paper Cup - 08 oz,Infinty Paper Cup - 08 oz,/09001008.jpg,/09001008.jpg,/09001008.jpg,,,," , No layout updates",Block after Info Column,Infinty Paper Cup - 08 oz,Infinty Paper Cup - 08 oz,Infinty Paper Cup - 08 oz,Use config,2,$112.00 ,,"These Infinity Paper Cups - 8 oz. are best used for ice cream, gelato, frozen yogurt and many other things. Lid sold seperately.                Quantity: 1,000","These Infinity Paper Cups - 8 oz. are best used for ice cream, gelato, frozen yogurt and many other things. Lid sold seperately.              Quantity: 1,000",,,,,,,,,,,,,,,,,,,,,,,,,,,,,,
admin,base,Default,simple,09001012,8,0,Infinity Paper Cup - 12 oz,Infinity Paper Cup - 12 oz,Infinity Paper Cup - 12 oz,/09001012.jpg,/09001012.jpg,/09001012.jpg,,,," , No layout updates",Block after Info Column,Infinity Paper Cup - 12 oz,Infinity Paper Cup - 12 oz,Infinity Paper Cup - 12 oz,Use config,2,$135.00 ,,"These Infinity Paper Cups - 12 oz. are best used for ice cream, gelato, frozen yogurt and many other things. Lid sold seperately.             Quantity: 1,000","These Infinity Paper Cups - 12 oz. are best used for ice cream, gelato, frozen yogurt and many other things. Lid sold seperately.        Quantity: 1,000",,,,,,,,,,,,,,,,,,,,,,,,,,,,,,
admin,base,Default,simple,09002004-WH,12,0,White Paper Cup - 04 oz,White Paper Cup - 04 oz,White Paper Cup - 04 oz,/09002004-WH.jpg,/09002004-WH.jpg,/09002004-WH.jpg,,,," , No layout updates",Block after Info Column,White Paper Cup - 04 oz,White Paper Cup - 04 oz,White Paper Cup - 04 oz,Use config,2,$70.00 ,,"These White Paper Cups - 4 oz. are used mostly for frozen yogurt but are also used for ice cream, gelato and many other things. You can even place a sticker on these cups to personalize it. Lid sold seperately.    Quantity: 1,000 ","These White Paper Cups - 4 oz. are used mostly for frozen yogurt but are also used for ice cream, gelato and many other things. You can even place a sticker on these cups to personalize it. Lid sold seperately.      Quantity: 1,000 ",,,,,,,,,,,,,,,,,,,,,,,,,,,,,,
admin,base,Default,simple,09002005,12,0,White Paper Cup - 05 oz,White Paper Cup - 05 oz,White Paper Cup - 05 oz,/09002005.jpg,/09002005.jpg,/09002005.jpg,,,," , No layout updates",Block after Info Column,White Paper Cup - 05 oz,White Paper Cup - 05 oz,White Paper Cup - 05 oz,Use config,2,$75.00 ,,"These White Paper Cups - 5 oz. are used mostly for frozen yogurt but are also used for ice cream, gelato and many other things. You can even place a sticker on these cups to personalize it. Lid sold separately.       Quantity: 1,000 ","These White Paper Cups - 5 oz. are used mostly for frozen yogurt but are also used for ice cream, gelato and many other things. You can even place a sticker on these cups to personalize it. Lid sold separately.      Quantity: 1,000 ",,,,,,,,,,,,,,,,,,,,,,,,,,,,,,
admin,base,Default,simple,09002006,15,0,Fruit Cup Lid - 04 oz,Fruit Cup Lid - 04 oz,Fruit Cup Lid - 04 oz,/09002006.jpg,/09002006.jpg,/09002006.jpg,,,," , No layout updates",Block after Info Column,Fruit Cup Lid - 04 oz,Fruit Cup Lid - 04 oz,Fruit Cup Lid - 04 oz,Use config,2,$77.00 ,,"These Fruit Paper Cup Lids - 4 oz. are the perfect companion for the Fruit Paper Cups - 4 oz which are used for ice cream, gelato, frozen yogurt and many other things.                     Quantity: 1,000  ","These Fruit Paper Cup Lids - 4 oz. are the perfect companion for the Fruit Paper Cups - 4 oz which are used for ice cream, gelato, frozen yogurt and many other things.         Quantity: 1,000  ",,,,,,,,,,,,,,,,,,,,,,,,,,,,,,
admin,base,Default,simple,09002005,15,0,Fruit Cup Lid - 05 oz,Fruit Cup Lid - 05 oz,Fruit Cup Lid - 05 oz,/09002005.jpg,/09002005.jpg,/09002005.jpg,,,," , No layout updates",Block after Info Column,Fruit Cup Lid - 05 oz,Fruit Cup Lid - 05 oz,Fruit Cup Lid - 05 oz,Use config,2,$55.00 ,,"These Fruit Paper Cup Lids - 5 oz. are the perfect companion for the Fruit Paper Cups - 5 oz which are used for ice cream, gelato, frozen yogurt and many other things.                     Quantity: 1,000  ","These Fruit Paper Cup Lids - 5 oz. are the perfect companion for the Fruit Paper Cups - 5 oz which are used for ice cream, gelato, frozen yogurt and many other things.            Quantity: 1,000  ",,,,,,,,,,,,,,,,,,,,,,,,,,,,,,
admin,base,Default,simple,09002006,15,0,Fruit Cup Lid - 06 oz,Fruit Cup Lid - 06 oz,Fruit Cup Lid - 06 oz,/09002006.jpg,/09002006.jpg,/09002006.jpg,,,," , No layout updates",Block after Info Column,Fruit Cup Lid - 06 oz,Fruit Cup Lid - 06 oz,Fruit Cup Lid - 06 oz,Use config,2,$55.00 ,,"These Fruit Paper Cup Lids - 6 oz. are the perfect companion for the Fruit Paper Cups - 6 oz which are used for ice cream, gelato, frozen yogurt and many other things.         Quantity: 1,000  ","These Fruit Paper Cup Lids - 6 oz. are the perfect companion for the Fruit Paper Cups - 6 oz which are used for ice cream, gelato, frozen yogurt and many other things.                     Quantity: 1,000  ",,,,,,,,,,,,,,,,,,,,,,,,,,,,,,
admin,base,Default,simple,09002008,15,0,Fruit Cup Lid - 08 oz,Fruit Cup Lid - 08 oz,Fruit Cup Lid - 08 oz,/09002008.jpg,/09002008.jpg,/09002008.jpg,,,," , No layout updates",Block after Info Column,Fruit Cup Lid - 08 oz,Fruit Cup Lid - 08 oz,Fruit Cup Lid - 08 oz,Use config,2,$55.00 ,,"These Fruit Paper Cup Lids - 8 oz. are the perfect companion for the Fruit Paper Cups - 8 oz which are used for ice cream, gelato, frozen yogurt and many other things.            Quantity: 1,000  ","These Fruit Paper Cup Lids - 8 oz. are the perfect companion for the Fruit Paper Cups - 8 oz which are used for ice cream, gelato, frozen yogurt and many other things.                   Quantity: 1,000  ",,,,,,,,,,,,,,,,,,,,,,,,,,,,,,
admin,base,Default,simple,09002012,15,0,Fruit Cup Lid - 12 oz,Fruit Cup Lid - 12 oz,Fruit Cup Lid - 12 oz,/09002012.jpg,/09002012.jpg,/09002012.jpg,,,," , No layout updates",Block after Info Column,Fruit Cup Lid - 12 oz,Fruit Cup Lid - 12 oz,Fruit Cup Lid - 12 oz,Use config,2,$65.00 ,,"These Fruit Paper Cup Lids - 12 oz. are the perfect companion for the Fruit Paper Cups - 12 oz which are used for ice cream, gelato, frozen yogurt and many other things.            Quantity: 1,000  ","These Fruit Paper Cup Lids - 12 oz. are the perfect companion for the Fruit Paper Cups - 12 oz which are used for ice cream, gelato, frozen yogurt and many other things.             Quantity: 1,000  ",,,,,,,,,,,,,,,,,,,,,,,,,,,,,,
admin,base,Default,simple,09002016,15,0,Fruit Cup Lid - 16 oz,Fruit Cup Lid - 16 oz,Fruit Cup Lid - 16 oz,/09002016.jpg,/09002016.jpg,/09002016.jpg,,,," , No layout updates",Block after Info Column,Fruit Cup Lid - 16 oz,Fruit Cup Lid - 16 oz,Fruit Cup Lid - 16 oz,Use config,2,$70.00 ,,"These Fruit Paper Cup Lids - 16 oz. are the perfect companion for the Fruit Paper Cups - 16 oz which are used for ice cream, gelato, frozen yogurt and many other things.            Quantity: 1,000  ","These Fruit Paper Cup Lids - 16 oz. are the perfect companion for the Fruit Paper Cups - 16 oz which are used for ice cream, gelato, frozen yogurt and many other things.                   Quantity: 1,000  ",,,,,,,,,,,,,,,,,,,,,,,,,,,,,,
admin,base,Default,simple,09002006-12,7,0,Fruit Cup - 12 oz,Fruit Cup - 12 oz,Fruit Cup - 12 oz,/09002006-12.jpg,/09002006-12.jpg,/09002006-12.jpg,,,," , No layout updates",Block after Info Column,Fruit Cup - 12 oz,Fruit Cup - 12 oz,Fruit Cup - 12 oz,Use config,2,$100.00 ,,"These Fruit Paper Cups - 12 oz. are used ice cream, gelato, frozen yogurt and many other things. Lid sold seperately.                       Capacity: 12 ounces or 355 cc's.                  Quantity: 1,000","These Fruit Paper Cups - 12 oz. are used ice cream, gelato, frozen yogurt and many other things. Lid sold seperately.         Capacity: 12 ounces or 355 cc's.               Quantity: 1,000",,,,,,,,,,,,,,,,,,,,,,,,,,,,,,
admin,base,Default,simple,09002006-16,7,0,Fruit Cup - 16 oz,Fruit Cup - 16 oz,Fruit Cup - 16 oz,/09002006-16.jpg,/09002006-16.jpg,/09002006-16.jpg,,,," , No layout updates",Block after Info Column,Fruit Cup - 16 oz,Fruit Cup - 16 oz,Fruit Cup - 16 oz,Use config,2,$110.00 ,,"These Fruit Paper Cups - 16 oz. are used ice cream, gelato, frozen yogurt and many other things. Lid sold seperately.                               Capacity: 16 ounces or 473 cc's.         Quantity: 1,000","These Fruit Paper Cups - 16 oz. are used ice cream, gelato, frozen yogurt and many other things. Lid sold seperately.                      Capacity: 16 ounces or 473 cc's.        Quantity: 1,000",,,,,,,,,,,,,,,,,,,,,,,,,,,,,,
admin,base,Default,simple,09002006-4,7,0,Fruit Cup - 04 oz,Fruit Cup - 04 oz,Fruit Cup - 04 oz,/09002006-4.jpg,/09002006-4.jpg,/09002006-4.jpg,,,," , No layout updates",Block after Info Column,Fruit Cup - 04 oz,Fruit Cup - 04 oz,Fruit Cup - 04 oz,Use config,2,$80.00 ,,"These Fruit Paper Cups - 4 oz. are used ice cream, gelato, frozen yogurt and many other things. Lid sold seperately.       Capacity: 4 ounces or 118 cc's.                       Quantity: 1,000","These Fruit Paper Cups - 4 oz. are used ice cream, gelato, frozen yogurt and many other things. Lid sold seperately.                 Capacity: 4 ounces or 118 cc's.            Quantity: 1,000",,,,,,,,,,,,,,,,,,,,,,,,,,,,,,
admin,base,Default,simple,09002006-5,7,0,Fruit Cup - 05 oz,Fruit Cup - 05 oz,Fruit Cup - 05 oz,/09002006-5.jpg,/09002006-5.jpg,/09002006-5.jpg,,,," , No layout updates",Block after Info Column,Fruit Cup - 05 oz,Fruit Cup - 05 oz,Fruit Cup - 05 oz,Use config,2,$85.00 ,,"These Fruit Paper Cups - 5 oz. are used ice cream, gelato, frozen yogurt and many other things. Lid sold seperately.                  Capacity: 5 ounces or 148 cc's.               Quantity: 1,000","These Fruit Paper Cups - 5 oz. are used ice cream, gelato, frozen yogurt and many other things. Lid sold seperately.          Capacity: 5 ounces or 148 cc's.         Quantity: 1,000",,,,,,,,,,,,,,,,,,,,,,,,,,,,,,
admin,base,Default,simple,09002006-6,7,0,Fruit Cup - 06 oz,Fruit Cup - 06 oz,Fruit Cup - 06 oz,/09002006-6.jpg,/09002006-6.jpg,/09002006-6.jpg,,,," , No layout updates",Block after Info Column,Fruit Cup - 06 oz,Fruit Cup - 06 oz,Fruit Cup - 06 oz,Use config,2,$90.00 ,,"These Fruit Paper Cups - 6 oz. are used ice cream, gelato, frozen yogurt and many other things. Lid sold seperately.    Capacity: 6 ounces or 177 cc's.          Quantity: 1,000","These Fruit Paper Cups - 6 oz. are used ice cream, gelato, frozen yogurt and many other things. Lid sold seperately.                   Capacity: 6 ounces or 177 cc's.           Quantity: 1,000",,,,,,,,,,,,,,,,,,,,,,,,,,,,,,
admin,base,Default,simple,09002006-8,7,0,Fruit Cup - 08 oz,Fruit Cup - 08 oz,Fruit Cup - 08 oz,/09002006-8.jpg,/09002006-8.jpg,/09002006-8.jpg,,,," , No layout updates",Block after Info Column,Fruit Cup - 08 oz,Fruit Cup - 08 oz,Fruit Cup - 08 oz,Use config,2,$90.00 ,,"These Fruit Paper Cups - 8 oz. are used ice cream, gelato, frozen yogurt and many other things. Lid sold seperately.          Capacity: 8 ounces or 237 cc's.               Quantity: 1,000","These Fruit Paper Cups - 8 oz. are used ice cream, gelato, frozen yogurt and many other things. Lid sold seperately.        Capacity: 8 ounces or 237 cc's.        Quantity: 1,000",,,,,,,,,,,,,,,,,,,,,,,,,,,,,,
admin,base,Default,simple,09002006-WH,12,0,White Paper Cup - 06 oz,White Paper Cup - 06 oz,White Paper Cup - 06 oz,/09002006-WH.jpg,/09002006-WH.jpg,/09002006-WH.jpg,,,," , No layout updates",Block after Info Column,White Paper Cup - 06 oz,White Paper Cup - 06 oz,White Paper Cup - 06 oz,Use config,2,$75.00 ,,"These White Paper Cups - 6 oz. are used mostly for frozen yogurt but are also used for ice cream, gelato and many other things. You can even place a sticker on these cups to personalize it. Lid sold seperately.                Quantity: 1,000 ","These White Paper Cups - 6 oz. are used mostly for frozen yogurt but are also used for ice cream, gelato and many other things. You can even place a sticker on these cups to personalize it. Lid sold seperately.              Quantity: 1,000 ",,,,,,,,,,,,,,,,,,,,,,,,,,,,,,
admin,base,Default,simple,09002008-WH,12,0,White Paper Cup - 08 oz,White Paper Cup - 08 oz,White Paper Cup - 08 oz,/09002008-WH.jpg,/09002008-WH.jpg,/09002008-WH.jpg,,,," , No layout updates",Block after Info Column,White Paper Cup - 08 oz,White Paper Cup - 08 oz,White Paper Cup - 08 oz,Use config,2,$75.00 ,,"These White Paper Cups - 8 oz. are used mostly for frozen yogurt but are also used for ice cream, gelato and many other things. You can even place a sticker on these cups to personalize it. Lid sold seperately.       Quantity: 1,000 ","These White Paper Cups - 8 oz. are used mostly for frozen yogurt but are also used for ice cream, gelato and many other things. You can even place a sticker on these cups to personalize it. Lid sold seperately.      Quantity: 1,000 ",,,,,,,,,,,,,,,,,,,,,,,,,,,,,,
admin,base,Default,simple,09002012-WH,12,0,White Paper Cup - 12 oz,White Paper Cup - 12 oz,White Paper Cup - 12 oz,/09002012-WH.jpg,/09002012-WH.jpg,/09002012-WH.jpg,,,," , No layout updates",Block after Info Column,White Paper Cup - 12 oz,White Paper Cup - 12 oz,White Paper Cup - 12 oz,Use config,2,$80.00 ,,"These White Paper Cups - 12 oz. are used mostly for frozen yogurt but are also used for ice cream, gelato and many other things. You can even place a sticker on these cups to personalize it. Lid sold seperately.    Quantity: 1,000 ","These White Paper Cups - 12 oz. are used mostly for frozen yogurt but are also used for ice cream, gelato and many other things. You can even place a sticker on these cups to personalize it. Lid sold seperately.      Quantity: 1,000 ",,,,,,,,,,,,,,,,,,,,,,,,,,,,,,
admin,base,Default,simple,09002016-WH,12,0,White Paper Cup - 16 oz,White Paper Cup - 16 oz,White Paper Cup - 16 oz,/09002016-WH.jpg,/09002016-WH.jpg,/09002016-WH.jpg,,,," , No layout updates",Block after Info Column,White Paper Cup - 16 oz,White Paper Cup - 16 oz,White Paper Cup - 16 oz,Use config,2,$90.00 ,,"These White Paper Cups - 16 oz. are used mostly for frozen yogurt but are also used for ice cream, gelato and many other things. You can even place a sticker on these cups to personalize it. Lid sold seperately.       Quantity: 1,000 ","These White Paper Cups - 16 oz. are used mostly for frozen yogurt but are also used for ice cream, gelato and many other things. You can even place a sticker on these cups to personalize it. Lid sold seperately.      Quantity: 1,000 ",,,,,,,,,,,,,,,,,,,,,,,,,,,,,,
admin,base,Default,simple,09002020-WH,12,0,White Paper Cup - 20 oz,White Paper Cup - 20 oz,White Paper Cup - 20 oz,/09002020-WH.jpg,/09002020-WH.jpg,/09002020-WH.jpg,,,," , No layout updates",Block after Info Column,White Paper Cup - 20 oz,White Paper Cup - 20 oz,White Paper Cup - 20 oz,Use config,2,$80.00 ,,"These White Paper Cups - 20 oz. are used mostly for frozen yogurt but are also used for ice cream, gelato and many other things. You can even place a sticker on these cups to personalize it. Lid sold seperately.                Quantity: 600 ","These White Paper Cups - 20 oz. are used mostly for frozen yogurt but are also used for ice cream, gelato and many other things. You can even place a sticker on these cups to personalize it. Lid sold seperately.              Quantity: 600 ",,,,,,,,,,,,,,,,,,,,,,,,,,,,,,
admin,base,Default,simple,09003130,10,0,Rotonda Cups - 130 cc,Rotonda Cups - 130 cc,Rotonda Cups - 130 cc,/09003130.jpg,/09003130.jpg,/09003130.jpg,,,," , No layout updates",Block after Info Column,Rotonda Cups - 130 cc,Rotonda Cups - 130 cc,Rotonda Cups - 130 cc,Use config,2,$105.00 ,,"These Rotonda Plastic Pink Cups - 130 cc are best used for gelato, ice cream, frozen yogurt and many other things. The 130 cc cups are pink only.     Quantity: 1,000 ","These Rotonda Plastic Pink Cups - 130 cc are best used for gelato, ice cream, frozen yogurt and many other things. The 130 cc cups are pink only.     Quantity: 1,000 ",,,,,,,,,,,,,,,,,,,,,,,,,,,,,,
admin,base,Default,simple,09004100,11,0,Saphire Plastic Cup Orange - 100 cc,Saphire Plastic Cup Orange - 100 cc,Saphire Plastic Cup Orange - 100 cc,/09004100.jpg,/09004100.jpg,/09004100.jpg,,,," , No layout updates",Block after Info Column,Saphire Plastic Cup Orange - 100 cc,Saphire Plastic Cup Orange - 100 cc,Saphire Plastic Cup Orange - 100 cc,Use config,2,$85.00 ,,"These Saphire Plastic Orange Cups - 100 cc are best used for gelato, ice cream, frozen yogurt and many other things. Lid sold seperately.       Quantity: 1,000","These Saphire Plastic Orange Cups - 100 cc are best used for gelato, ice cream, frozen yogurt and many other things. Lid sold seperately.       Quantity: 1,000",,,,,,,,,,,,,,,,,,,,,,,,,,,,,,
admin,base,Default,simple,09007090,9,0,Octogono Plastic Cup Green - 90 cc,Octogono Plastic Cup Green - 90 cc,Octogono Plastic Cup Green - 90 cc,/09007090.jpg,/09007090.jpg,/09007090.jpg,,,," , No layout updates",Block after Info Column,Octogono Plastic Cup Green - 90 cc,Octogono Plastic Cup Green - 90 cc,Octogono Plastic Cup Green - 90 cc,Use config,2,$80.00 ,,"These Octogono Plastic Green Cups - 90 cc are best used for gelato, ice cream, frozen yogurt and many other things. Lid sold seperately. The 90 cc cups come in blue or green only.         Quantity: 1,000","These Octogono Plastic Green Cups - 90 cc are best used for gelato, ice cream, frozen yogurt and many other things. Lid sold seperately. The 90 cc cups come in blue or green only.        Quantity: 1,000",,,,,,,,,,,,,,,,,,,,,,,,,,,,,,
admin,base,Default,simple,09007151,9,0,Octogono Plastic Cup Pink - 150 cc,Octogono Plastic Cup Pink - 150 cc,Octogono Plastic Cup Pink - 150 cc,/09007151.jpg,/09007151.jpg,/09007151.jpg,,,," , No layout updates",Block after Info Column,Octogono Plastic Cup Pink - 150 cc,Octogono Plastic Cup Pink - 150 cc,Octogono Plastic Cup Pink - 150 cc,Use config,2,$100.00 ,,"These Octogono Plastic Pink Cups - 150 cc are best used for gelato, ice cream, frozen yogurt and many other things. Lid sold seperately. The 150 cc cups come in blue or pink only.  Quantity: 1,000 ","These Octogono Plastic Pink Cups - 150 cc are best used for gelato, ice cream, frozen yogurt and many other things. Lid sold seperately. The 150 cc cups come in blue or pink only.            Quantity: 1,000 ",,,,,,,,,,,,,,,,,,,,,,,,,,,,,,
admin,base,Default,simple,09007200,9,0,Octogono Plastic Cup Blue - 200 cc,Octogono Plastic Cup Blue - 200 cc,Octogono Plastic Cup Blue - 200 cc,/09007200.jpg,/09007200.jpg,/09007200.jpg,,,," , No layout updates",Block after Info Column,Octogono Plastic Cup Blue - 200 cc,Octogono Plastic Cup Blue - 200 cc,Octogono Plastic Cup Blue - 200 cc,Use config,2,$125.00 ,,"These Octogono Plastic Blue Cups - 200 cc are best used for gelato, ice cream, frozen yogurt and many other things. Lid sold seperately. The 200 cc cups come in blue only.        Quantity: 1,000 ","These Octogono Plastic Blue Cups - 200 cc are best used for gelato, ice cream, frozen yogurt and many other things. Lid sold seperately. The 200 cc cups come in blue only.       Quantity: 1,000 ",,,,,,,,,,,,,,,,,,,,,,,,,,,,,,
admin,base,Default,simple,10001003,15,0,Infinity Paper Cup Clear Lid - 03 oz,Infinity Paper Cup Clear Lid - 03 oz,Infinity Paper Cup Clear Lid - 03 oz,/10001003.jpg,/10001003.jpg,/10001003.jpg,,,," , No layout updates",Block after Info Column,Infinity Paper Cup Clear Lid - 03 oz,Infinity Paper Cup Clear Lid - 03 oz,Infinity Paper Cup Clear Lid - 03 oz,Use config,2,$77.00 ,,"These Infinity Paper Cup Clear Lids - 3 oz. are the perfect companion for the Infinity Paper Cups - 3 oz. Infinity Paper Cups are best used for ice cream, gelato, frozen yogurt and many other things.         Quantity: 1,000","These Infinity Paper Cup Clear Lids - 3 oz. are the perfect companion for the Infinity Paper Cups - 3 oz. Infinity Paper Cups are best used for ice cream, gelato, frozen yogurt and many other things.         Quantity: 1,000",,,,,,,,,,,,,,,,,,,,,,,,,,,,,,
admin,base,Default,simple,10001005,15,0,Infinity Paper Cup Clear Lid - 05 oz,Infinity Paper Cup Clear Lid - 05 oz,Infinity Paper Cup Clear Lid - 05 oz,/10001005.jpg,/10001005.jpg,/10001005.jpg,,,," , No layout updates",Block after Info Column,Infinity Paper Cup Clear Lid - 05 oz,Infinity Paper Cup Clear Lid - 05 oz,Infinity Paper Cup Clear Lid - 05 oz,Use config,2,$95.00 ,,"These Infinity Paper Cup Clear Lids - 5 oz. are the perfect companion for the Infinity Paper Cups - 5 oz. Infinity Paper Cups are best used for ice cream, gelato, frozen yogurt and many other things.                   Quantity: 1,000","These Infinity Paper Cup Clear Lids - 5 oz. are the perfect companion for the Infinity Paper Cups - 5 oz. Infinity Paper Cups are best used for ice cream, gelato, frozen yogurt and many other things.         Quantity: 1,000",,,,,,,,,,,,,,,,,,,,,,,,,,,,,,
admin,base,Default,simple,10001005-160,15,0,Saphire Clear Lid - 160 cc,Saphire Clear Lid - 160 cc,Saphire Clear Lid - 160 cc,/10001005-160.jpg,/10001005-160.jpg,/10001005-160.jpg,,,," , No layout updates",Block after Info Column,Saphire Clear Lid - 160 cc,Saphire Clear Lid - 160 cc,Saphire Clear Lid - 160 cc,Use config,2,$74.00 ,,"These Saphire Clear Lids - 160 cc are the perfect companion for the Saphire Plastic Cup Green - 160 cc. and are best used for ice cream, gelato, frozen yogurt and many other things.         Quantity: 1,050","These Saphire Clear Lids - 160 cc are the perfect companion for the Saphire Plastic Cup Green - 160 cc. and are best used for ice cream, gelato, frozen yogurt and many other things.         Quantity: 1,050",,,,,,,,,,,,,,,,,,,,,,,,,,,,,,
admin,base,Default,simple,10001005-220,15,0,Saphire Clear Lid - 220 cc,Saphire Clear Lid - 220 cc,Saphire Clear Lid - 220 cc,/10001005-220.jpg,/10001005-220.jpg,/10001005-220.jpg,,,," , No layout updates",Block after Info Column,Saphire Clear Lid - 220 cc,Saphire Clear Lid - 220 cc,Saphire Clear Lid - 220 cc,Use config,2,$73.00 ,,"These Saphire Clear Lids - 220 cc are the perfect companion for the Saphire Plastic Cup Blue - 220 cc. and are best used for ice cream, gelato, frozen yogurt and many other things.         Quantity: 1,050","These Saphire Clear Lids - 220 cc are the perfect companion for the Saphire Plastic Cup Blue - 220 cc. and are best used for ice cream, gelato, frozen yogurt and many other things.            Quantity: 1,050",,,,,,,,,,,,,,,,,,,,,,,,,,,,,,
admin,base,Default,simple,10001005-90,15,0,Saphire Clear Lid - 90 cc,Saphire Clear Lid - 90 cc,Saphire Clear Lid - 90 cc,/10001005-90.jpg,/10001005-90.jpg,/10001005-90.jpg,,,," , No layout updates",Block after Info Column,Saphire Clear Lid - 90 cc,Saphire Clear Lid - 90 cc,Saphire Clear Lid - 90 cc,Use config,2,$81.00 ,,"These Saphire Clear Lids - 90 cc are the perfect companion for the Saphire Plastic Cup Orange - 90 cc. and are best used for ice cream, gelato, frozen yogurt and many other things.         Quantity: 1,200","These Saphire Clear Lids - 90 cc are the perfect companion for the Saphire Plastic Cup Orange - 90 cc. and are best used for ice cream, gelato, frozen yogurt and many other things.            Quantity: 1,200",,,,,,,,,,,,,,,,,,,,,,,,,,,,,,
admin,base,Default,simple,10001008,15,0,Infinity Paper Cup Clear Lid - 08 oz,Infinity Paper Cup Clear Lid - 08 oz,Infinity Paper Cup Clear Lid - 08 oz,/10001008.jpg,/10001008.jpg,/10001008.jpg,,,," , No layout updates",Block after Info Column,Infinity Paper Cup Clear Lid - 08 oz,Infinity Paper Cup Clear Lid - 08 oz,Infinity Paper Cup Clear Lid - 08 oz,Use config,2,$110.00 ,,"These Infinity Paper Cup Clear Lids - 8 oz. are the perfect companion for the Infinity Paper Cups - 8 oz. Infinity Paper Cups are best used for ice cream, gelato, frozen yogurt and many other things.         Quantity: 1,000","These Infinity Paper Cup Clear Lids - 8 oz. are the perfect companion for the Infinity Paper Cups - 8 oz. Infinity Paper Cups are best used for ice cream, gelato, frozen yogurt and many other things.      Quantity: 1,000",,,,,,,,,,,,,,,,,,,,,,,,,,,,,,
admin,base,Default,simple,10001012,15,0,Infinity Paper Cup Clear Lid - 12 oz,Infinity Paper Cup Clear Lid - 12 oz,Infinity Paper Cup Clear Lid - 12 oz,/10001012.jpg,/10001012.jpg,/10001012.jpg,,,," , No layout updates",Block after Info Column,Infinity Paper Cup Clear Lid - 12 oz,Infinity Paper Cup Clear Lid - 12 oz,Infinity Paper Cup Clear Lid - 12 oz,Use config,2,$108.00 ,,"These Infinity Paper Cup Clear Lids - 12 oz. are the perfect companion for the Infinity Paper Cups - 12 oz. Infinity Paper Cups are best used for ice cream, gelato, frozen yogurt and many other things.         Quantity: 1,000","These Infinity Paper Cup Clear Lids - 12 oz. are the perfect companion for the Infinity Paper Cups - 12 oz. Infinity Paper Cups are best used for ice cream, gelato, frozen yogurt and many other things.            Quantity: 1,000",,,,,,,,,,,,,,,,,,,,,,,,,,,,,,
admin,base,Default,simple,10001016,15,0,Infinity Paper Cup Clear Lid - 16 oz,Infinity Paper Cup Clear Lid - 16 oz,Infinity Paper Cup Clear Lid - 16 oz,/10001016.jpg,/10001016.jpg,/10001016.jpg,,,," , No layout updates",Block after Info Column,Infinity Paper Cup Clear Lid - 16 oz,Infinity Paper Cup Clear Lid - 16 oz,Infinity Paper Cup Clear Lid - 16 oz,Use config,2,$70.00 ,,"These Fruit Paper Cup Lids - 16 oz. are the perfect companion for the Fruit Paper Cups - 16 oz which are used for ice cream, gelato, frozen yogurt and many other things.                     Quantity: 1,000  ","These Fruit Paper Cup Lids - 16 oz. are the perfect companion for the Fruit Paper Cups - 16 oz which are used for ice cream, gelato, frozen yogurt and many other things.                     Quantity: 1,000  ",,,,,,,,,,,,,,,,,,,,,,,,,,,,,,
admin,base,Default,simple,10002006-4,15,0,White Paper Cup Lid - 04 oz,White Paper Cup Lid - 04 oz,White Paper Cup Lid - 04 oz,/10002006-4.jpg,/10002006-4.jpg,/10002006-4.jpg,,,," , No layout updates",Block after Info Column,White Paper Cup Lid - 04 oz,White Paper Cup Lid - 04 oz,White Paper Cup Lid - 04 oz,Use config,2,$77.00 ,,"These White Paper Cup Clear Lids - 4 oz. are the perfect companion for the White Paper Cups - 4 oz which are used mostly for frozen yogurt but are also used for ice cream, gelato and many other things..           Quantity: 1,000","These White Paper Cup Clear Lids - 4 oz. are the perfect companion for the White Paper Cups - 4 oz which are used mostly for frozen yogurt but are also used for ice cream, gelato and many other things..           Quantity: 1,000",,,,,,,,,,,,,,,,,,,,,,,,,,,,,,
admin,base,Default,simple,10002006-5,15,0,White Paper Cup Lid - 05 oz,White Paper Cup Lid - 05 oz,White Paper Cup Lid - 05 oz,/10002006-5.jpg,/10002006-5.jpg,/10002006-5.jpg,,,," , No layout updates",Block after Info Column,White Paper Cup Lid - 05 oz,White Paper Cup Lid - 05 oz,White Paper Cup Lid - 05 oz,Use config,2,$55.00 ,,"These White Paper Cup Clear Lids - 5 oz. are the perfect companion for the White Paper Cups - 5 oz which are used mostly for frozen yogurt but are also used for ice cream, gelato and many other things..              Quantity: 1,000","These White Paper Cup Clear Lids - 5 oz. are the perfect companion for the White Paper Cups - 5 oz which are used mostly for frozen yogurt but are also used for ice cream, gelato and many other things..           Quantity: 1,000",,,,,,,,,,,,,,,,,,,,,,,,,,,,,,
admin,base,Default,simple,10002006-6,15,0,White Paper Cup Lid - 06 oz,White Paper Cup Lid - 06 oz,White Paper Cup Lid - 06 oz,/10002006-6.jpg,/10002006-6.jpg,/10002006-6.jpg,,,," , No layout updates",Block after Info Column,White Paper Cup Lid - 06 oz,White Paper Cup Lid - 06 oz,White Paper Cup Lid - 06 oz,Use config,2,$55.00 ,,"These White Paper Cup Clear Lids - 6 oz. are the perfect companion for the White Paper Cups - 6 oz which are used mostly for frozen yogurt but are also used for ice cream, gelato and many other things..         Quantity: 1,000","These White Paper Cup Clear Lids - 6 oz. are the perfect companion for the White Paper Cups - 6 oz which are used mostly for frozen yogurt but are also used for ice cream, gelato and many other things..       Quantity: 1,000",,,,,,,,,,,,,,,,,,,,,,,,,,,,,,
admin,base,Default,simple,10002008-8,15,0,White Paper Cup Lid - 08 oz,White Paper Cup Lid - 08 oz,White Paper Cup Lid - 08 oz,/10002008-8.jpg,/10002008-8.jpg,/10002008-8.jpg,,,," , No layout updates",Block after Info Column,White Paper Cup Lid - 08 oz,White Paper Cup Lid - 08 oz,White Paper Cup Lid - 08 oz,Use config,2,$55.00 ,,"These White Paper Cup Clear Lids - 8 oz. are the perfect companion for the White Paper Cups - 8 oz which are used mostly for frozen yogurt but are also used for ice cream, gelato and many other things..           Quantity: 1,000","These White Paper Cup Clear Lids - 8 oz. are the perfect companion for the White Paper Cups - 8 oz which are used mostly for frozen yogurt but are also used for ice cream, gelato and many other things..         Quantity: 1,000",,,,,,,,,,,,,,,,,,,,,,,,,,,,,,
admin,base,Default,simple,10002012,15,0,White Paper Cup Lid - 12 oz,White Paper Cup Lid - 12 oz,White Paper Cup Lid - 12 oz,/10002012.jpg,/10002012.jpg,/10002012.jpg,,,," , No layout updates",Block after Info Column,White Paper Cup Lid - 12 oz,White Paper Cup Lid - 12 oz,White Paper Cup Lid - 12 oz,Use config,2,$65.00 ,,"These White Paper Cup Clear Lids - 12 oz. are the perfect companion for the White Paper Cups - 12 oz which are used mostly for frozen yogurt but are also used for ice cream, gelato and many other things..           Quantity: 1,000","These White Paper Cup Clear Lids - 12 oz. are the perfect companion for the White Paper Cups - 12 oz which are used mostly for frozen yogurt but are also used for ice cream, gelato and many other things..             Quantity: 1,000",,,,,,,,,,,,,,,,,,,,,,,,,,,,,,
admin,base,Default,simple,10002016,15,0,White Paper Cup Lid - 16 oz,White Paper Cup Lid - 16 oz,White Paper Cup Lid - 16 oz,/10002016.jpg,/10002016.jpg,/10002016.jpg,,,," , No layout updates",Block after Info Column,White Paper Cup Lid - 16 oz,White Paper Cup Lid - 16 oz,White Paper Cup Lid - 16 oz,Use config,2,$70.00 ,,"These White Paper Cup Clear Lids - 16 oz. are the perfect companion for the White Paper Cups - 16 oz which are used mostly for frozen yogurt but are also used for ice cream, gelato and many other things..           Quantity 500","These White Paper Cup Clear Lids - 16 oz. are the perfect companion for the White Paper Cups - 16 oz which are used mostly for frozen yogurt but are also used for ice cream, gelato and many other things..           Quantity 500",,,,,,,,,,,,,,,,,,,,,,,,,,,,,,
admin,base,Default,simple,10002020,15,0,White Paper Cup Lid - 20 oz,White Paper Cup Lid - 20 oz,White Paper Cup Lid - 20 oz,/10002020.jpg,/10002020.jpg,/10002020.jpg,,,," , No layout updates",Block after Info Column,White Paper Cup Lid - 20 oz,White Paper Cup Lid - 20 oz,White Paper Cup Lid - 20 oz,Use config,2,$75.00 ,,"These White Paper Cup Clear Lids - 20 oz. are the perfect companion for the White Paper Cups - 20 oz which are used mostly for frozen yogurt but are also used for ice cream, gelato and many other things..             Quantity: 600","These White Paper Cup Clear Lids - 20 oz. are the perfect companion for the White Paper Cups - 20 oz which are used mostly for frozen yogurt but are also used for ice cream, gelato and many other things..           Quantity: 600",,,,,,,,,,,,,,,,,,,,,,,,,,,,,,
admin,base,Default,simple,10006090,15,0,Crystal Plastic Lid - 90 cc,Crystal Plastic Lid - 90 cc,Crystal Plastic Lid - 90 cc,/10006090.jpg,/10006090.jpg,/10006090.jpg,,,," , No layout updates",Block after Info Column,Crystal Plastic Lid - 90 cc,Crystal Plastic Lid - 90 cc,Crystal Plastic Lid - 90 cc,Use config,2,$77.00 ,,"These Crystal Plastic Lids - 90 cc are the perfect companion for the Crystal Plastic Cups - 90 cc which are used mostly for gelato, ice cream, frozen yogurt and many other things.         Quantity 1,000","These Crystal Plastic Lids - 90 cc are the perfect companion for the Crystal Plastic Cups - 90 cc which are used mostly for gelato, ice cream, frozen yogurt and many other things.         Quantity 1,000",,,,,,,,,,,,,,,,,,,,,,,,,,,,,,
admin,base,Default,simple,10006150,15,0,Crystal Plastic Lid - 150 cc,Crystal Plastic Lid - 150 cc,Crystal Plastic Lid - 150 cc,/10006150.jpg,/10006150.jpg,/10006150.jpg,,,," , No layout updates",Block after Info Column,Crystal Plastic Lid - 150 cc,Crystal Plastic Lid - 150 cc,Crystal Plastic Lid - 150 cc,Use config,2,$87.00 ,,"These Crystal Plastic Lids - 150 cc are the perfect companion for the Crystal Plastic Cups - 150 cc which are used mostly for gelato, ice cream, frozen yogurt and many other things.        Quantity: 1,000","These Crystal Plastic Lids - 150 cc are the perfect companion for the Crystal Plastic Cups - 150 cc which are used mostly for gelato, ice cream, frozen yogurt and many other things.      Quantity: 1,000",,,,,,,,,,,,,,,,,,,,,,,,,,,,,,
admin,base,Default,simple,10006200,15,0,Crystal Plastic Lid - 200 cc,Crystal Plastic Lid - 200 cc,Crystal Plastic Lid - 200 cc,/10006200.jpg,/10006200.jpg,/10006200.jpg,,,," , No layout updates",Block after Info Column,Crystal Plastic Lid - 200 cc,Crystal Plastic Lid - 200 cc,Crystal Plastic Lid - 200 cc,Use config,2,$95.00 ,,"These Crystal Plastic Lids - 200 cc are the perfect companion for the Crystal Plastic Cups - 200 cc which are used mostly for gelato, ice cream, frozen yogurt and many other things.        Quantity: 1,000","These Crystal Plastic Lids - 200 cc are the perfect companion for the Crystal Plastic Cups - 200 cc which are used mostly for gelato, ice cream, frozen yogurt and many other things.      Quantity: 1,000",,,,,,,,,,,,,,,,,,,,,,,,,,,,,,
admin,base,Default,simple,10007090,15,0,Octogono Plastic Lid - 90 cc,Octogono Plastic Lid - 90 cc,Octogono Plastic Lid - 90 cc,/10007090.jpg,/10007090.jpg,/10007090.jpg,,,," , No layout updates",Block after Info Column,Octogono Plastic Lid - 90 cc,Octogono Plastic Lid - 90 cc,Octogono Plastic Lid - 90 cc,Use config,2,$77.00 ,,"These Octogono Plastic Lids - 90 cc are the perfect companion for the Octogono Plastic Cups - 90 cc which are used mostly for gelato, ice cream, frozen yogurt and many other things.         Quantity: 1,000","These Octogono Plastic Lids - 90 cc are the perfect companion for the Octogono Plastic Cups - 90 cc which are used mostly for gelato, ice cream, frozen yogurt and many other things.         Quantity: 1,000",,,,,,,,,,,,,,,,,,,,,,,,,,,,,,
admin,base,Default,simple,10007150,15,0,Octogono Plastic Lid - 150 cc,Octogono Plastic Lid - 150 cc,Octogono Plastic Lid - 150 cc,/10007150.jpg,/10007150.jpg,/10007150.jpg,,,," , No layout updates",Block after Info Column,Octogono Plastic Lid - 150 cc,Octogono Plastic Lid - 150 cc,Octogono Plastic Lid - 150 cc,Use config,2,$87.00 ,,"These Octogono Plastic Lids - 150 cc are the perfect companion for the Octogono Plastic Cups - 150 cc which are used mostly for gelato, ice cream, frozen yogurt and many other things.            Quantity: 1,000","These Octogono Plastic Lids - 150 cc are the perfect companion for the Octogono Plastic Cups - 150 cc which are used mostly for gelato, ice cream, frozen yogurt and many other things.         Quantity: 1,000",,,,,,,,,,,,,,,,,,,,,,,,,,,,,,
admin,base,Default,simple,10007200,15,0,Octogono Plastic Lid - 200 cc,Octogono Plastic Lid - 200 cc,Octogono Plastic Lid - 200 cc,/10007200.jpg,/10007200.jpg,/10007200.jpg,,,," , No layout updates",Block after Info Column,Octogono Plastic Lid - 200 cc,Octogono Plastic Lid - 200 cc,Octogono Plastic Lid - 200 cc,Use config,2,$95.00 ,,"These Octogono Plastic Lids - 200 cc are the perfect companion for the Octogono Plastic Cups - 200 cc which are used mostly for gelato, ice cream, frozen yogurt and many other things.             Quantity: 1,000","These Octogono Plastic Lids - 200 cc are the perfect companion for the Octogono Plastic Cups - 200 cc which are used mostly for gelato, ice cream, frozen yogurt and many other things.         Quantity: 1,000",,,,,,,,,,,,,,,,,,,,,,,,,,,,,,
admin,base,Default,simple,10007250,15,0,Octogono Plastic Lid - 250 cc,Octogono Plastic Lid - 250 cc,Octogono Plastic Lid - 250 cc,/10007250.jpg,/10007250.jpg,/10007250.jpg,,,," , No layout updates",Block after Info Column,Octogono Plastic Lid - 250 cc,Octogono Plastic Lid - 250 cc,Octogono Plastic Lid - 250 cc,Use config,2,$80.00 ,,"These Octogono Plastic Lids - 250 cc are the perfect companion for the Octogono Plastic Cups - 250 cc which are used mostly for gelato, ice cream, frozen yogurt and many other things.         Quantity: 600","These Octogono Plastic Lids - 250 cc are the perfect companion for the Octogono Plastic Cups - 250 cc which are used mostly for gelato, ice cream, frozen yogurt and many other things.            Quantity: 600",,,,,,,,,,,,,,,,,,,,,,,,,,,,,,
admin,base,Default,simple,11001002,18,0,Grey Pan Insert / Liner - 5 liter,Grey Pan Insert / Liner - 5 liter,Grey Pan Insert / Liner - 5 liter,/11001002.jpg,/11001002.jpg,/11001002.jpg,,,," , No layout updates",Block after Info Column,Grey Pan Insert / Liner - 5 liter,Grey Pan Insert / Liner - 5 liter,Grey Pan Insert / Liner - 5 liter,Use config,2,$180.00 ,,"These Grey Pan Insert / Liners - 5 liter are perfect for wholesale, catering or daily production. They are less expensive than stainless steel pans, they are reusable, and they allow for you to easily label or mark your pans. Lid sold separately.                        Quantity: 140","These Grey Pan Insert / Liners - 5 liter are perfect for wholesale, catering or daily production. They are less expensive than stainless steel pans, they are reusable, and they allow for you to easily label or mark your pans. Lid sold separately.                   Quantity: 140",,,,,,,,,,,,,,,,,,,,,,,,,,,,,,
admin,base,Default,simple,12001001,18,0,Pan Insert / Liner Clear Flat Lid,Pan Insert / Liner Clear Flat Lid,Pan Insert / Liner Clear Flat Lid,/12001001.jpg,/12001001.jpg,/12001001.jpg,,,," , No layout updates",Block after Info Column,Pan Insert / Liner Clear Flat Lid,Pan Insert / Liner Clear Flat Lid,Pan Insert / Liner Clear Flat Lid,Use config,2,$80.00 ,,"These Pan Insert / Liner Lids - 5 liter are the perfect companion to either the White or Grey Pan Insert / Liners which are great for wholesale, catering or daily production. These lids are clear plastic and fit snugly to protect your product.                  Quantity: 140","These Pan Insert / Liner Lids - 5 liter are the perfect companion to either the White or Grey Pan Insert / Liners which are great for wholesale, catering or daily production. These lids are clear plastic and fit snugly to protect your product.                  Quantity: 140",,,,,,,,,,,,,,,,,,,,,,,,,,,,,,
admin,base,Default,simple,13001001,23,0,Ice Cream Scooper - 4 oz,Ice Cream Scooper - 4 oz,Ice Cream Scooper - 4 oz,/13001001.jpg,/13001001.jpg,/13001001.jpg,,,," , No layout updates",Block after Info Column,Ice Cream Scooper - 4 oz,Ice Cream Scooper - 4 oz,Ice Cream Scooper - 4 oz,Use config,2,$8.00 ,,These Ice Cream Scoopers 4 oz. are the perfect way to scoop just the right amount of ice cream for your customer. The handle is ergonimically designed to help your employees scoop perfectly.                   Quantity: 1,These Ice Cream Scoopers 4 oz. are the perfect way to scoop just the right amount of ice cream for your customer. The handle is ergonimically designed to help your employees scoop perfectly.                   Quantity: 1,,,,,,,,,,,,,,,,,,,,,,,,,,,,,,
admin,base,Default,simple,13001002,23,0,Gelato Scooper - 2 2/3 oz,Gelato Scooper - 2 2/3 oz,Gelato Scooper - 2 2/3 oz,/13001002.jpg,/13001002.jpg,/13001002.jpg,,,," , No layout updates",Block after Info Column,Gelato Scooper - 2 2/3 oz,Gelato Scooper - 2 2/3 oz,Gelato Scooper - 2 2/3 oz,Use config,2,$8.00 ,,These Gelato Scoopers 2 2/3 oz. are the perfect way to scoop just the right amount of gelato for your customer. The handle is ergonimically designed to help your employees scoop perfectly.                   Quantity: 1,These Gelato Scoopers 2 2/3 oz. are the perfect way to scoop just the right amount of gelato for your customer. The handle is ergonimically designed to help your employees scoop perfectly.                   Quantity: 1,,,,,,,,,,,,,,,,,,,,,,,,,,,,,,
admin,base,Default,simple,DIAMOND-100-BLUE,5,0,Diamond Plastic Blue Cup - 100 cc,Diamond Plastic Blue Cup - 100 cc,Diamond Plastic Blue Cup - 100 cc,/DIAMOND-100-BLUE.jpg,/DIAMOND-100-BLUE.jpg,/DIAMOND-100-BLUE.jpg,,,," , No layout updates",Block after Info Column,Diamond Plastic Blue Cup - 100 cc,Diamond Plastic Blue Cup - 100 cc,Diamond Plastic Blue Cup - 100 cc,Use config,2,$85.00 ,,"These Diamond Plastic Blue Cups are best used for gelato, ice cream, frozen yogurt and many other things.        Capacity: 100 cc's or 3.4 ounces.       Quantity: 1,000","These Diamond Plastic Blue Cups are best used for gelato, ice cream, frozen yogurt and many other things.       Capacity: 100 cc's or 3.4 ounces.     Quantity: 1,000",,,,,,,,,,,,,,,,,,,,,,,,,,,,,,
admin,base,Default,simple,DIAMOND-100-GREEN,5,0,Diamond Plastic Green Cup - 100 cc,Diamond Plastic Green Cup - 100 cc,Diamond Plastic Green Cup - 100 cc,/DIAMOND-100-GREEN.jpg,/DIAMOND-100-GREEN.jpg,/DIAMOND-100-GREEN.jpg,,,," , No layout updates",Block after Info Column,Diamond Plastic Green Cup - 100 cc,Diamond Plastic Green Cup - 100 cc,Diamond Plastic Green Cup - 100 cc,Use config,2,$85.00 ,,"These Diamond Plastic Blue Cups are best used for gelato, ice cream, frozen yogurt and many other things.     Capacity: 100 cc's or 3.4 ounces.     Quantity: 1,000","These Diamond Plastic Blue Cups are best used for gelato, ice cream, frozen yogurt and many other things.        Capacity: 100 cc's or 3.4 ounces.   Quantity: 1,000",,,,,,,,,,,,,,,,,,,,,,,,,,,,,,
admin,base,Default,simple,DIAMOND-100-RED,5,0,Diamond Plastic Red Cup - 100 cc,Diamond Plastic Red Cup - 100 cc,Diamond Plastic Red Cup - 100 cc,/DIAMOND-100-RED.jpg,/DIAMOND-100-RED.jpg,/DIAMOND-100-RED.jpg,,,," , No layout updates",Block after Info Column,Diamond Plastic Red Cup - 100 cc,Diamond Plastic Red Cup - 100 cc,Diamond Plastic Red Cup - 100 cc,Use config,2,$85.00 ,,"These Diamond Plastic Red Cups are best used for gelato, ice cream, frozen yogurt and many other things.             Capacity: 100 cc's or 3.4 ounces.     Quantity: 1,000","These Diamond Plastic Red Cups are best used for gelato, ice cream, frozen yogurt and many other things.       Capacity: 100 cc's or 3.4 ounces.            Quantity: 1,000",,,,,,,,,,,,,,,,,,,,,,,,,,,,,,
admin,base,Default,simple,EMERALD-CUP-PURPLE,6,0,EMERALD Cups - 90 cc,EMERALD Cups - 90 cc,EMERALD Cups - 90 cc,/EMERALD-CUP-PURPLE.jpg,/EMERALD-CUP-PURPLE.jpg,/EMERALD-CUP-PURPLE.jpg,,,," , No layout updates",Block after Info Column,EMERALD Cups - 90 cc,EMERALD Cups - 90 cc,EMERALD Cups - 90 cc,Use config,2,$85.00 ,,"These Emerald Plastic Cups - 90 cc are made of hard plastic and best used for gelato, ice cream, frozen yogurt and many other things.These cups come in Yellow OR Purple.                               Capacity: 90 cc's or 3 ounces.        Quantity: 1,000","These Emerald Plastic Cups - 90 cc are made of hard plastic and best used for gelato, ice cream, frozen yogurt and many other things.These cups come in Yellow OR Purple.    Capacity: 90 cc's or 3 ounces.              Quantity: 1,000",,,,,,,,,,,,,,,,,,,,,,,,,,,,,,
admin,base,Default,simple,HEAVY-DUTY-PLASTIC-SPOONS-ORANGE,16,0,Heavy Duty Plastic Spoons ,Heavy Duty Plastic Spoons ,Heavy Duty Plastic Spoons ,/HEAVY-DUTY-PLASTIC-SPOONS-ORANGE.jpg,/HEAVY-DUTY-PLASTIC-SPOONS-ORANGE.jpg,/HEAVY-DUTY-PLASTIC-SPOONS-ORANGE.jpg,,,," , No layout updates",Block after Info Column,Heavy Duty Plastic Spoons ,Heavy Duty Plastic Spoons ,Heavy Duty Plastic Spoons ,Use config,2,$110.00 ,,"These Heavy Duty Plastic Spoons are perfect for frozen yogurt, gelato, ice cream, sundaes, taste testing and many other things. They are 6"" in length. These spoons do NOT come in mixed colors, you must specify which color you would like.Quantity: 4,000","These Heavy Duty Plastic Spoons are perfect for frozen yogurt, gelato, ice cream, sundaes, taste testing and many other things. They are 6"" in length. These spoons do NOT come in mixed colors, you must specify which color you would like.Quantity: 4,000",,,,,,,,,,,,,,,,,,,,,,,,,,,,,,
admin,base,Default,simple,HEAVY-DUTY-PLASTIC-SPOONS-RED,16,0,Heavy Duty Plastic Spoons ,Heavy Duty Plastic Spoons ,Heavy Duty Plastic Spoons ,/HEAVY-DUTY-PLASTIC-SPOONS-RED.jpg,/HEAVY-DUTY-PLASTIC-SPOONS-RED.jpg,/HEAVY-DUTY-PLASTIC-SPOONS-RED.jpg,,,," , No layout updates",Block after Info Column,Heavy Duty Plastic Spoons ,Heavy Duty Plastic Spoons ,Heavy Duty Plastic Spoons ,Use config,2,$110.00 ,,"These Heavy Duty Plastic Spoons are perfect for frozen yogurt, gelato, ice cream, sundaes, taste testing and many other things. They are 6"" in length. These spoons do NOT come in mixed colors, you must specify which color you would like.Quantity: 4,000","These Heavy Duty Plastic Spoons are perfect for frozen yogurt, gelato, ice cream, sundaes, taste testing and many other things. They are 6"" in length. These spoons do NOT come in mixed colors, you must specify which color you would like.                                 Quantity: 4,000",,,,,,,,,,,,,,,,,,,,,,,,,,,,,,
admin,base,Default,simple,HEAVY-DUTY-PLASTIC-SPOONS-YELLOW,16,0,Heavy Duty Plastic Spoons,Heavy Duty Plastic Spoons,Heavy Duty Plastic Spoons,/HEAVY-DUTY-PLASTIC-SPOONS-YELLOW.jpg,/HEAVY-DUTY-PLASTIC-SPOONS-YELLOW.jpg,/HEAVY-DUTY-PLASTIC-SPOONS-YELLOW.jpg,,,," , No layout updates",Block after Info Column,Heavy Duty Plastic Spoons,Heavy Duty Plastic Spoons,Heavy Duty Plastic Spoons,Use config,2,$110.00 ,,"These Heavy Duty Plastic Spoons are perfect for frozen yogurt, gelato, ice cream, sundaes, taste testing and many other things. They are 6"" in length. These spoons do NOT come in mixed colors, you must specify which color you would like.Quantity: 4,000","These Heavy Duty Plastic Spoons are perfect for frozen yogurt, gelato, ice cream, sundaes, taste testing and many other things. They are 6"" in length. These spoons do NOT come in mixed colors, you must specify which color you would like.Quantity: 4,000",,,,,,,,,,,,,,,,,,,,,,,,,,,,,,
admin,base,Default,simple,MEDIUM-WEIGHT-PLASTIC-SPOONS-BLUE,16,0,Medium Weight Plastic Spoons,Medium Weight Plastic Spoons,Medium Weight Plastic Spoons,/MEDIUM-WEIGHT-PLASTIC-SPOONS-BLUE.jpg,/MEDIUM-WEIGHT-PLASTIC-SPOONS-BLUE.jpg,/MEDIUM-WEIGHT-PLASTIC-SPOONS-BLUE.jpg,,,," , No layout updates",Block after Info Column,Medium Weight Plastic Spoons,Medium Weight Plastic Spoons,Medium Weight Plastic Spoons,Use config,2,$76.00 ,,"These Medium Weight Plastic Spoons are perfect for frozen yogurt, gelato, ice cream, sundaes, taste testing and many other things. They are 6"" in length.These spoons do NOT come in mixed colors, you must specify which color you would like.Quantity: 4,000 ","These Medium Weight Plastic Spoons are perfect for frozen yogurt, gelato, ice cream, sundaes, taste testing and many other things. They are 6"" in length.These spoons do NOT come in mixed colors, you must specify which color you would like.Quantity: 4,000 ",,,,,,,,,,,,,,,,,,,,,,,,,,,,,,
admin,base,Default,simple,MEDIUM-WEIGHT-PLASTIC-SPOONS-GREEN,16,0,Medium Weight Plastic Spoons,Medium Weight Plastic Spoons,Medium Weight Plastic Spoons,/MEDIUM-WEIGHT-PLASTIC-SPOONS-GREEN.jpg,/MEDIUM-WEIGHT-PLASTIC-SPOONS-GREEN.jpg,/MEDIUM-WEIGHT-PLASTIC-SPOONS-GREEN.jpg,,,," , No layout updates",Block after Info Column,Medium Weight Plastic Spoons,Medium Weight Plastic Spoons,Medium Weight Plastic Spoons,Use config,2,$76.00 ,,"These Medium Weight Plastic Spoons are perfect for frozen yogurt, gelato, ice cream, sundaes, taste testing and many other things. They are 6"" in length.These spoons do NOT come in mixed colors, you must specify which color you would like.Quantity: 4,000 ","These Medium Weight Plastic Spoons are perfect for frozen yogurt, gelato, ice cream, sundaes, taste testing and many other things. They are 6"" in length.These spoons do NOT come in mixed colors, you must specify which color you would like.Quantity: 4,000 ",,,,,,,,,,,,,,,,,,,,,,,,,,,,,,
admin,base,Default,simple,MEDIUM-WEIGHT-PLASTIC-SPOONS-PINK,16,0,Medium Weight Plastic spoons ,Medium Weight Plastic spoons ,Medium Weight Plastic spoons ,/MEDIUM-WEIGHT-PLASTIC-SPOONS-PINK.jpg,/MEDIUM-WEIGHT-PLASTIC-SPOONS-PINK.jpg,/MEDIUM-WEIGHT-PLASTIC-SPOONS-PINK.jpg,,,," , No layout updates",Block after Info Column,Medium Weight Plastic spoons ,Medium Weight Plastic spoons ,Medium Weight Plastic spoons ,Use config,2,$76.00 ,,"These Medium Weight Plastic Spoons are perfect for frozen yogurt, gelato, ice cream, sundaes, taste testing and many other things. They are 6"" in length.These spoons do NOT come in mixed colors, you must specify which color you would like.Quantity: 4,000 ","These Medium Weight Plastic Spoons are perfect for frozen yogurt, gelato, ice cream, sundaes, taste testing and many other things. They are 6"" in length.These spoons do NOT come in mixed colors, you must specify which color you would like.Quantity: 4,000 ",,,,,,,,,,,,,,,,,,,,,,,,,,,,,,
admin,base,Default,simple,MEDIUM-WEIGHT-PLASTIC-SPOONS-RED,16,0,Medium Weight Plastic Spoons,Medium Weight Plastic Spoons,Medium Weight Plastic Spoons,/MEDIUM-WEIGHT-PLASTIC-SPOONS-RED.jpg,/MEDIUM-WEIGHT-PLASTIC-SPOONS-RED.jpg,/MEDIUM-WEIGHT-PLASTIC-SPOONS-RED.jpg,,,," , No layout updates",Block after Info Column,Medium Weight Plastic Spoons,Medium Weight Plastic Spoons,Medium Weight Plastic Spoons,Use config,2,$76.00 ,,"These Medium Weight Plastic Spoons are perfect for frozen yogurt, gelato, ice cream, sundaes, taste testing and many other things. They are 6"" in length.These spoons do NOT come in mixed colors, you must specify which color you would like.Quantity: 4,000 ","These Medium Weight Plastic Spoons are perfect for frozen yogurt, gelato, ice cream, sundaes, taste testing and many other things. They are 6"" in length.These spoons do NOT come in mixed colors, you must specify which color you would like.Quantity: 4,000 ",,,,,,,,,,,,,,,,,,,,,,,,,,,,,,
admin,base,Default,simple,MEDIUM-WEIGHT-PLASTIC-SPOONS-YELLOW,16,0,Medium Weight Plastic Spoons,Medium Weight Plastic Spoons,Medium Weight Plastic Spoons,/MEDIUM-WEIGHT-PLASTIC-SPOONS-YELLOW.jpg,/MEDIUM-WEIGHT-PLASTIC-SPOONS-YELLOW.jpg,/MEDIUM-WEIGHT-PLASTIC-SPOONS-YELLOW.jpg,,,," , No layout updates",Block after Info Column,Medium Weight Plastic Spoons,Medium Weight Plastic Spoons,Medium Weight Plastic Spoons,Use config,2,$76.00 ,,"These Medium Weight Plastic Spoons are perfect for frozen yogurt, gelato, ice cream, sundaes, taste testing and many other things. They are 6"" in length.These spoons do NOT come in mixed colors, you must specify which color you would like.Quantity: 4,000 ","These Medium Weight Plastic Spoons are perfect for frozen yogurt, gelato, ice cream, sundaes, taste testing and many other things. They are 6"" in length.These spoons do NOT come in mixed colors, you must specify which color you would like.                        Quantity: 4,000 ",,,,,,,,,,,,,,,,,,,,,,,,,,,,,,
admin,base,Default,simple,NEON-SPOONS,16,0,Neon Transparent Spoons,Neon Transparent Spoons,Neon Transparent Spoons,/NEON-SPOONS.jpg,/NEON-SPOONS.jpg,/NEON-SPOONS.jpg,,,," , No layout updates",Block after Info Column,Neon Transparent Spoons,Neon Transparent Spoons,Neon Transparent Spoons,Use config,2,$110.00 ,,"These Neon Spoons are perfect for frozen yogurt, gelato, ice cream, sundaes, taste testing and many other things. They are 6"" in length.These spoons come in mixed colors.Quantity: 4,000","These Neon Spoons are perfect for frozen yogurt, gelato, ice cream, sundaes, taste testing and many other things. They are 6"" in length.These spoons come in mixed colors.Quantity: 4,000",,,,,,,,,,,,,,,,,,,,,,,,,,,,,,
admin,base,Default,simple,SOLID-MULTICOLOR-SPOONS-BLUE,16,0,Solid Multicolor Spoons (Blue),Solid Multicolor Spoons (Blue),Solid Multicolor Spoons (Blue),/SOLID-MULTICOLOR-SPOONS-BLUE.jpg,/SOLID-MULTICOLOR-SPOONS-BLUE.jpg,/SOLID-MULTICOLOR-SPOONS-BLUE.jpg,,,," , No layout updates",Block after Info Column,Solid Multicolor Spoons (Blue),Solid Multicolor Spoons (Blue),Solid Multicolor Spoons (Blue),Use config,2,$84.00 ,,"These Solid Multicolor Spoons (Blue) are perfect for ice cream, gelato, banana splits, sundaes, taste testing and many other things. They are 4"" in length.          Quantity: 10 Packs of 650 = 6,500 Spoons.","These Solid Multicolor Spoons (Blue) are perfect for ice cream, gelato, banana splits, sundaes, taste testing and many other things. They are 4"" in length.          Quantity: 10 Packs of 650 = 6,500 Spoons.",,,,,,,,,,,,,,,,,,,,,,,,,,,,,,
admin,base,Default,simple,SOLID-MULTICOLOR-SPOONS-GREEN,16,0,Solid Multicolor Spoons (Green),Solid Multicolor Spoons (Green),Solid Multicolor Spoons (Green),/SOLID-MULTICOLOR-SPOONS-GREEN.jpg,/SOLID-MULTICOLOR-SPOONS-GREEN.jpg,/SOLID-MULTICOLOR-SPOONS-GREEN.jpg,,,," , No layout updates",Block after Info Column,Solid Multicolor Spoons (Green),Solid Multicolor Spoons (Green),Solid Multicolor Spoons (Green),Use config,2,$84.00 ,,"These Solid Multicolor Spoons (Green) are perfect for ice cream, gelato, banana splits, sundaes, taste testing and many other things. They are 4"" in length.                 Quantity: 10 Packs of 650 = 6,500 Spoons.","These Solid Multicolor Spoons (Green) are perfect for ice cream, gelato, banana splits, sundaes, taste testing and many other things. They are 4"" in length.      Quantity: 10 Packs of 650 = 6,500 Spoons.",,,,,,,,,,,,,,,,,,,,,,,,,,,,,,
admin,base,Default,simple,SOLID-MULTICOLOR-SPOONS-MIXED,16,0,Solid Multicolor Spoons (Mixed),Solid Multicolor Spoons (Mixed),Solid Multicolor Spoons (Mixed),/SOLID-MULTICOLOR-SPOONS-MIXED.jpg,/SOLID-MULTICOLOR-SPOONS-MIXED.jpg,/SOLID-MULTICOLOR-SPOONS-MIXED.jpg,,,," , No layout updates",Block after Info Column,Solid Multicolor Spoons (Mixed),Solid Multicolor Spoons (Mixed),Solid Multicolor Spoons (Mixed),Use config,2,$84.00 ,,"These Solid Multicolor Spoons (Mixed) are perfect for ice cream, gelato, banana splits, sundaes, taste testing and many other things. They are 4"" in length.These spoons come in 4 mixed colors: Yellow, Pink, Green and Blue.Quantity: 10 Packs of 650 = 6,500 Spoons.","These Solid Multicolor Spoons (Mixed) are perfect for ice cream, gelato, banana splits, sundaes, taste testing and many other things. They are 4"" in length.These spoons come in 4 mixed colors: Yellow, Pink, Green and Blue.Quantity: 10 Packs of 650 = 6,500 Spoons.",,,,,,,,,,,,,,,,,,,,,,,,,,,,,,
admin,base,Default,simple,SOLID-MULTICOLOR-SPOONS-PINK,16,0,Solid Multcolor Spoons (Pink),Solid Multcolor Spoons (Pink),Solid Multcolor Spoons (Pink),/SOLID-MULTICOLOR-SPOONS-PINK.jpg,/SOLID-MULTICOLOR-SPOONS-PINK.jpg,/SOLID-MULTICOLOR-SPOONS-PINK.jpg,,,," , No layout updates",Block after Info Column,Solid Multcolor Spoons (Pink),Solid Multcolor Spoons (Pink),Solid Multcolor Spoons (Pink),Use config,2,$84.00 ,,"These Solid Multicolor Spoons (Pink) are perfect for ice cream, gelato, banana splits, sundaes, taste testing and many other things. They are 4"" in length.      Quantity: 10 Packs of 650 = 6,500 Spoons.","These Solid Multicolor Spoons (Pink) are perfect for ice cream, gelato, banana splits, sundaes, taste testing and many other things. They are 4"" in length.      Quantity: 10 Packs of 650 = 6,500 Spoons.",,,,,,,,,,,,,,,,,,,,,,,,,,,,,,
admin,base,Default,simple,SOLID-MULTICOLOR-SPOONS-RED,16,0,Solid Multicolor Spoons (Red),Solid Multicolor Spoons (Red),Solid Multicolor Spoons (Red),/SOLID-MULTICOLOR-SPOONS-RED.jpg,/SOLID-MULTICOLOR-SPOONS-RED.jpg,/SOLID-MULTICOLOR-SPOONS-RED.jpg,,,," , No layout updates",Block after Info Column,Solid Multicolor Spoons (Red),Solid Multicolor Spoons (Red),Solid Multicolor Spoons (Red),Use config,2,$84.00 ,,"These Solid Multicolor Spoons (Red) are perfect for ice cream, gelato, banana splits, sundaes, taste testing and many other things. They are 4"" in length.      Quantity: 10 Packs of 650 = 6,500 Spoons.","These Solid Multicolor Spoons (Red) are perfect for ice cream, gelato, banana splits, sundaes, taste testing and many other things. They are 4"" in length.                  Quantity: 10 Packs of 650 = 6,500 Spoons.",,,,,,,,,,,,,,,,,,,,,,,,,,,,,,
admin,base,Default,simple,SOLID-MULTICOLOR-SPOONS-YELLOW,16,0,Solid Multicolor Spoons (Yellow),Solid Multicolor Spoons (Yellow),Solid Multicolor Spoons (Yellow),/SOLID-MULTICOLOR-SPOONS-YELLOW.jpg,/SOLID-MULTICOLOR-SPOONS-YELLOW.jpg,/SOLID-MULTICOLOR-SPOONS-YELLOW.jpg,,,," , No layout updates",Block after Info Column,Solid Multicolor Spoons (Yellow),Solid Multicolor Spoons (Yellow),Solid Multicolor Spoons (Yellow),Use config,2,$84.00 ,,"These Solid Multicolor Spoons (Yellow) are perfect for ice cream, gelato, banana splits, sundaes, taste testing and many other things. They are 4"" in length.                 Quantity: 10 Packs of 650 = 6,500 Spoons.","These Solid Multicolor Spoons (Yellow) are perfect for ice cream, gelato, banana splits, sundaes, taste testing and many other things. They are 4"" in length.      Quantity: 10 Packs of 650 = 6,500 Spoons.",,,,,,,,,,,,,,,,,,,,,,,,,,,,,,
,,,,,,,,,,,,,,,,,,,,,,,,,,,,,,,,,,,,,,,,,,,,,,,,,,,,,,,,
,,,,,,,,,,,,,,,,,,,,,,,,,,,,,,,,,,,,,,,,,,,,,,,,,,,,,,,,
